unix,date,symbol,open,high,low,close,Volume BTC,Volume USD
1514764740,31-12-2017 23:59,BTC/USD,13913.28,13913.28,13867.18,13880,0.59174759,8213.456549
1514764680,31-12-2017 23:58,BTC/USD,13913.26,13953.83,13884.69,13953.77,1.39878396,19518.30966
1514764620,31-12-2017 23:57,BTC/USD,13908.73,13913.26,13874.99,13913.26,0.77501206,10782.94429
1514764560,31-12-2017 23:56,BTC/USD,13827,13908.69,13827,13859.58,0.66645895,9236.841134
1514764500,31-12-2017 23:55,BTC/USD,13825.05,13825.05,13825.05,13825.05,0.0655014,905.5601301
1514764440,31-12-2017 23:54,BTC/USD,13884.14,13884.14,13823.88,13854.28,4.8107019,66648.81112
1514764380,31-12-2017 23:53,BTC/USD,13854.52,13898.7,13840.85,13884.15,10.46953115,145360.5409
1514764320,31-12-2017 23:52,BTC/USD,13885,13898.32,13823.19,13883.13,7.15371462,99315.95005
1514764260,31-12-2017 23:51,BTC/USD,13892.57,13927.21,13885,13885,0.59592826,8274.46389
1514764200,31-12-2017 23:50,BTC/USD,13927.34,13927.34,13892.57,13927.28,0.5654943,7875.797455
1514764140,31-12-2017 23:49,BTC/USD,13942.3,13942.3,13927.34,13927.34,3.16353009,44059.55916
1514764080,31-12-2017 23:48,BTC/USD,13941.44,13957.01,13941.4,13942.35,6.0544098,84412.70048
1514764020,31-12-2017 23:47,BTC/USD,13941.61,13941.61,13941.61,13941.61,0.00086921,12.11818683
1514763960,31-12-2017 23:46,BTC/USD,13929.96,13950,13889.01,13889.01,1.76423415,24503.46575
1514763900,31-12-2017 23:45,BTC/USD,13888.01,13929.96,13888.01,13929.96,0.37970996,5289.344554
1514763840,31-12-2017 23:44,BTC/USD,13930,13959.41,13888.03,13890.95,7.71544716,107174.8907
1514763780,31-12-2017 23:43,BTC/USD,13930,13959.65,13930,13930,6.24435793,86983.90596
1514763720,31-12-2017 23:42,BTC/USD,13957.74,13973.69,13930,13959.87,4.46669676,62354.5061
1514763660,31-12-2017 23:41,BTC/USD,13990,13990,13989.8,13989.8,1.38333489,19352.57844
1514763600,31-12-2017 23:40,BTC/USD,13979.17,13979.17,13957.53,13957.61,1.99641353,27865.16145
1514763540,31-12-2017 23:39,BTC/USD,13932.16,13999.98,13932.16,13957.5,3.05460674,42634.67357
1514763480,31-12-2017 23:38,BTC/USD,13931.6,13999.81,13931.6,13999.81,4.16167636,58262.67832
1514763420,31-12-2017 23:37,BTC/USD,13999.91,13999.91,13963.22,13987.68,0.58756542,8218.677074
1514763360,31-12-2017 23:36,BTC/USD,13980.8,13980.8,13963.21,13963.89,1.82519073,25486.76258
1514763300,31-12-2017 23:35,BTC/USD,13957.19,13993.92,13930,13988.34,15.43569093,215919.6929
1514763240,31-12-2017 23:34,BTC/USD,13957.19,13957.19,13957.19,13957.19,1.28062114,17873.87257
1514763180,31-12-2017 23:33,BTC/USD,13970.07,13970.07,13931.34,13957.1,0.30973213,4322.962312
1514763120,31-12-2017 23:32,BTC/USD,13950.06,13960,13945.21,13960,14.11937737,197106.5081
1514763060,31-12-2017 23:31,BTC/USD,13930,13951.59,13930,13951.59,4.37677155,61062.92219
1514763000,31-12-2017 23:30,BTC/USD,13950,13950,13930,13930,1.68332767,23448.75444
1514762940,31-12-2017 23:29,BTC/USD,13930.01,13950,13930,13930.01,3.13854016,43719.89581
1514762880,31-12-2017 23:28,BTC/USD,13938,13950,13930,13950,11.80267436,164647.3073
1514762820,31-12-2017 23:27,BTC/USD,13930,13938,13930,13930,9.56924517,133299.5852
1514762760,31-12-2017 23:26,BTC/USD,13937.66,13937.66,13930,13930,8.98277324,125130.0312
1514762700,31-12-2017 23:25,BTC/USD,13923.3,13937.64,13923.3,13930,24.21346521,337293.5704
1514762640,31-12-2017 23:24,BTC/USD,13888.05,13923.63,13888,13888,1.97677189,27453.40801
1514762580,31-12-2017 23:23,BTC/USD,13872.54,13935.92,13872.54,13888.04,0.49730914,6906.649229
1514762520,31-12-2017 23:22,BTC/USD,13878.92,13936.49,13872.44,13936.28,2.38772073,33275.94466
1514762460,31-12-2017 23:21,BTC/USD,13866.91,13878.92,13866,13866,0.22633225,3138.322979
1514762400,31-12-2017 23:20,BTC/USD,13823.22,13828.08,13823.22,13828.08,0.93093293,12873.01503
1514762340,31-12-2017 23:19,BTC/USD,13823.22,13823.22,13807.86,13807.86,2.61908037,36163.89508
1514762280,31-12-2017 23:18,BTC/USD,13880.78,13880.78,13817.09,13823.22,1.57451257,21764.83365
1514762220,31-12-2017 23:17,BTC/USD,13836.32,13895.61,13826.31,13895.61,0.415213,5769.637915
1514762160,31-12-2017 23:16,BTC/USD,13877.75,13877.75,13836.28,13836.28,0.77722614,10753.9185
1514762100,31-12-2017 23:15,BTC/USD,13937.63,13937.63,13877.1,13880.82,0.25961878,3603.721554
1514762040,31-12-2017 23:14,BTC/USD,13937.65,13937.66,13877.58,13937.64,1.31163589,18281.10885
1514761980,31-12-2017 23:13,BTC/USD,13937.65,13937.65,13937.6,13937.65,0.36610323,5102.618684
1514761920,31-12-2017 23:12,BTC/USD,13893.92,13937.66,13877.1,13937.61,4.0911235,57020.4838
1514761860,31-12-2017 23:11,BTC/USD,13893.23,13937.66,13893.22,13893.95,6.00214163,83393.4557
1514761800,31-12-2017 23:10,BTC/USD,13909.99,13937.66,13893.17,13937.66,14.91719399,207910.778
1514761740,31-12-2017 23:09,BTC/USD,13914.97,13914.98,13909.99,13909.99,1.22785876,17079.50307
1514761680,31-12-2017 23:08,BTC/USD,13862.92,13915,13862.92,13915,0.39035599,5431.803601
1514761620,31-12-2017 23:07,BTC/USD,13920,13920,13872.49,13872.54,1.10494376,15328.37651
1514761560,31-12-2017 23:06,BTC/USD,13920,13920,13872.91,13872.91,1.15937392,16083.89005
1514761500,31-12-2017 23:05,BTC/USD,13907.59,13925,13900,13925,1.60116872,22296.27443
1514761440,31-12-2017 23:04,BTC/USD,13905.88,13907.59,13900,13907.59,8.1772382,113725.6762
1514761380,31-12-2017 23:03,BTC/USD,13920,13925,13902.06,13905.88,4.6585493,64781.22754
1514761320,31-12-2017 23:02,BTC/USD,13900.09,13923.98,13900.09,13923.98,0.59079165,8226.171119
1514761260,31-12-2017 23:01,BTC/USD,13924.98,13924.98,13924.98,13924.98,0.36268539,5050.386802
1514761200,31-12-2017 23:00,BTC/USD,13925,13925,13925,13925,0.80974,11275.6295
1514761140,31-12-2017 22:59,BTC/USD,13920,13938.44,13867.49,13937.95,1.13767384,15856.8411
1514761080,31-12-2017 22:58,BTC/USD,13905.02,13938.33,13900.98,13938.07,5.11357793,71273.40714
1514761020,31-12-2017 22:57,BTC/USD,13878.98,13918.57,13878.97,13905.02,3.03228017,42163.91641
1514760960,31-12-2017 22:56,BTC/USD,13851.47,13901,13825.12,13878.98,10.1302268,140597.2152
1514760900,31-12-2017 22:55,BTC/USD,13851.47,13851.47,13812.51,13825.09,0.29468798,4074.087845
1514760840,31-12-2017 22:54,BTC/USD,13851.69,13851.69,13803.4,13851.58,0.24808646,3436.389448
1514760780,31-12-2017 22:53,BTC/USD,13830,13899.99,13803.2,13851.69,11.73657725,162571.4297
1514760720,31-12-2017 22:52,BTC/USD,13858.5,13865,13826.39,13830,16.45737311,227605.4701
1514760660,31-12-2017 22:51,BTC/USD,13887.35,13900.4,13865,13865,5.09298368,70614.21872
1514760600,31-12-2017 22:50,BTC/USD,13900,13900,13865,13887.35,20.87409698,289885.8907
1514760540,31-12-2017 22:49,BTC/USD,13921.61,13924.84,13888.46,13900.4,4.42844558,61557.16494
1514760480,31-12-2017 22:48,BTC/USD,13945,13945,13915.75,13915.75,2.16112953,30073.73826
1514760420,31-12-2017 22:47,BTC/USD,13950,13970,13940,13970,0.94379668,13184.83962
1514760360,31-12-2017 22:46,BTC/USD,13949.98,13950,13940,13950,1.15266665,16079.69977
1514760300,31-12-2017 22:45,BTC/USD,13940,13969.21,13940,13969.01,0.65583478,9161.3626
1514760240,31-12-2017 22:44,BTC/USD,13940,13969.53,13940,13969.5,0.25453872,3555.778649
1514760180,31-12-2017 22:43,BTC/USD,13940,13969.58,13940,13969.44,0.03153111,440.4719493
1514760120,31-12-2017 22:42,BTC/USD,13940.01,13970.04,13940,13969.76,0.40779105,5696.743099
1514760060,31-12-2017 22:41,BTC/USD,13970.06,13970.07,13940,13940.01,0.18523581,2582.189044
1514760000,31-12-2017 22:40,BTC/USD,13970.04,13970.07,13926.06,13970.06,1.3839237,19333.49712
1514759940,31-12-2017 22:39,BTC/USD,13950,13970.07,13926.13,13926.13,3.29572606,45896.70956
1514759880,31-12-2017 22:38,BTC/USD,13960,13970.06,13926.14,13970.06,1.20814662,16877.88077
1514759820,31-12-2017 22:37,BTC/USD,13970.07,13970.07,13950,13960,1.69607666,23677.23017
1514759760,31-12-2017 22:36,BTC/USD,13941.2,13970.07,13941.2,13970.07,0.73084213,10209.91572
1514759700,31-12-2017 22:35,BTC/USD,13967.99,13968,13967.99,13968,0.07284112,1017.444764
1514759640,31-12-2017 22:34,BTC/USD,13950.67,13968,13926.5,13944.11,1.06518119,14853.00368
1514759580,31-12-2017 22:33,BTC/USD,13908.48,13958.91,13908.48,13955.04,1.00148809,13975.80636
1514759520,31-12-2017 22:32,BTC/USD,13958.11,13970.07,13908.24,13970.01,0.57483011,8030.382385
1514759460,31-12-2017 22:31,BTC/USD,13970.05,13970.05,13908.08,13908.08,0.30485489,4239.946199
1514759400,31-12-2017 22:30,BTC/USD,13909.65,13970.03,13908,13970.03,2.03806641,28471.84889
1514759340,31-12-2017 22:29,BTC/USD,13956.1,13956.1,13950,13950,6.68868006,93307.08684
1514759280,31-12-2017 22:28,BTC/USD,13956.09,13956.1,13908.75,13956.1,1.75363489,24473.90389
1514759220,31-12-2017 22:27,BTC/USD,13930,13956.1,13916.07,13956.1,1.66295589,23208.3787
1514759160,31-12-2017 22:26,BTC/USD,13908,13956.16,13908,13930,8.67801557,120884.7569
1514759100,31-12-2017 22:25,BTC/USD,13935,13935,13935,13935,0.12498527,1741.669737
1514759040,31-12-2017 22:24,BTC/USD,13907.21,13957.08,13907.18,13956.66,1.78280917,24882.06143
1514758980,31-12-2017 22:23,BTC/USD,13949.94,13981.16,13907.18,13907.18,0.96526352,13424.09352
1514758920,31-12-2017 22:22,BTC/USD,13948.07,13948.07,13906.43,13948.07,0.4260348,5942.363213
1514758860,31-12-2017 22:21,BTC/USD,13905.38,13949.98,13905.38,13949.92,0.55711985,7771.777338
1514758800,31-12-2017 22:20,BTC/USD,13938.33,13938.33,13915.02,13938.33,1.72771028,24081.39603
1514758740,31-12-2017 22:19,BTC/USD,13950,13950,13914.98,13914.98,1.68465705,23441.96916
1514758680,31-12-2017 22:18,BTC/USD,13943.48,13958.13,13905.07,13905.07,0.96821121,13463.04465
1514758620,31-12-2017 22:17,BTC/USD,13949.94,13958.31,13949.94,13958.22,0.95116621,13276.58722
1514758560,31-12-2017 22:16,BTC/USD,13943.48,13958.44,13905,13905.21,1.9823073,27564.39929
1514758500,31-12-2017 22:15,BTC/USD,13981.75,13981.75,13905,13928.01,29.15286701,406041.4232
1514758440,31-12-2017 22:14,BTC/USD,13910.85,13977.04,13906.99,13977.04,11.33382514,158413.3273
1514758380,31-12-2017 22:13,BTC/USD,13971.17,13992.86,13916.01,13919.48,23.48825877,326944.3482
1514758320,31-12-2017 22:12,BTC/USD,14020.13,14025,13955.92,13971.17,0.91677461,12808.41393
1514758260,31-12-2017 22:11,BTC/USD,14025,14041.16,13989.13,13989.15,1.60938304,22513.90075
1514758200,31-12-2017 22:10,BTC/USD,14010.97,14025,14010.97,14025,0.21325085,2990.843171
1514758140,31-12-2017 22:09,BTC/USD,14024.99,14025,14024.99,14025,1.85269132,25983.99576
1514758080,31-12-2017 22:08,BTC/USD,14024.99,14025,13991.17,14025,0.75173417,10543.07173
1514758020,31-12-2017 22:07,BTC/USD,14024.99,14025,13993.18,14025,12.36185464,173375.0113
1514757960,31-12-2017 22:06,BTC/USD,14049.99,14049.99,14011.19,14025,5.28612289,74137.87353
1514757900,31-12-2017 22:05,BTC/USD,14023.97,14050,14023.97,14023.97,0.85039349,11925.89279
1514757840,31-12-2017 22:04,BTC/USD,14011.17,14050,14011.17,14012.72,9.34566474,130958.1832
1514757780,31-12-2017 22:03,BTC/USD,14009.82,14030,14009.82,14011.18,4.73032429,66277.42509
1514757720,31-12-2017 22:02,BTC/USD,14023.9,14025,13996.5,14009.82,29.93628675,419401.9888
1514757660,31-12-2017 22:01,BTC/USD,14023.99,14023.99,13982.53,14023.96,3.32834197,46676.53465
1514757600,31-12-2017 22:00,BTC/USD,14024.7,14025,13977.47,14023.97,5.02349512,70449.34486
1514757540,31-12-2017 21:59,BTC/USD,14027.45,14027.49,13977.47,13977.47,4.31181871,60268.31666
1514757480,31-12-2017 21:58,BTC/USD,13999.99,14110.25,13977.47,14027.5,29.25437132,410365.6937
1514757420,31-12-2017 21:57,BTC/USD,14023.86,14023.89,13963,13963,7.24573122,101172.145
1514757360,31-12-2017 21:56,BTC/USD,14023.92,14024,13948.54,14023.86,4.2803968,60027.68547
1514757300,31-12-2017 21:55,BTC/USD,14024.73,14024.86,13977.09,14023.93,2.16218897,30322.38676
1514757240,31-12-2017 21:54,BTC/USD,14026.5,14026.5,13977.09,14024.87,0.65052694,9123.555765
1514757180,31-12-2017 21:53,BTC/USD,14019.92,14034.22,13950.49,14026.6,4.65548599,65300.63979
1514757120,31-12-2017 21:52,BTC/USD,13991.05,14034.35,13991.05,13991.15,0.20091838,2811.079192
1514757060,31-12-2017 21:51,BTC/USD,14019.85,14034.36,13976.45,13991.05,1.36845586,19146.13436
1514757000,31-12-2017 21:50,BTC/USD,14002.99,14019.85,13959.42,14019.85,5.83828202,81851.83818
1514756940,31-12-2017 21:49,BTC/USD,13999.99,14003,13963.95,14002.99,5.39831854,75592.60053
1514756880,31-12-2017 21:48,BTC/USD,14000,14000,13996,14000,2.05578622,28781.00708
1514756820,31-12-2017 21:47,BTC/USD,13996,14000,13996,14000,1.83950502,25753.07028
1514756760,31-12-2017 21:46,BTC/USD,13944.64,13996,13944.64,13996,2.9093411,40719.13804
1514756700,31-12-2017 21:45,BTC/USD,13953.21,13996.85,13944.64,13944.86,6.75467762,94193.03376
1514756640,31-12-2017 21:44,BTC/USD,13953.23,13997.27,13953.23,13996.9,0.59263978,8295.119737
1514756580,31-12-2017 21:43,BTC/USD,13999.35,13999.35,13953.2,13997.36,0.57887553,8102.729189
1514756520,31-12-2017 21:42,BTC/USD,13999.98,14005,13953.08,14005,4.22332884,59147.7204
1514756460,31-12-2017 21:41,BTC/USD,13999.67,14000,13953.89,14000,3.17853197,44499.44758
1514756400,31-12-2017 21:40,BTC/USD,13950.61,13999.8,13950.46,13999.65,5.86050434,82045.00958
1514756340,31-12-2017 21:39,BTC/USD,14010.71,14010.71,13950.46,13950.61,2.55780144,35682.89035
1514756280,31-12-2017 21:38,BTC/USD,13950.37,14013.49,13950.37,14010.71,1.64447065,23040.20138
1514756220,31-12-2017 21:37,BTC/USD,14013.51,14013.51,13956.55,13963.25,2.43551941,34007.7664
1514756160,31-12-2017 21:36,BTC/USD,13958.27,14013.73,13958.27,13964.47,3.62834712,50667.94451
1514756100,31-12-2017 21:35,BTC/USD,13976.61,14014.69,13950.11,14014.51,6.60099143,92509.66041
1514756040,31-12-2017 21:34,BTC/USD,13976.63,14018.43,13976.61,14018.26,6.75982877,94761.03725
1514755980,31-12-2017 21:33,BTC/USD,13980.66,14010.46,13976.61,14010.46,8.33451883,116770.4427
1514755920,31-12-2017 21:32,BTC/USD,13981,14018.46,13980.11,14018.44,1.45135403,20345.71939
1514755860,31-12-2017 21:31,BTC/USD,13981,13981,13980.01,13981,2.9837593,41715.93877
1514755800,31-12-2017 21:30,BTC/USD,13981.07,14019.76,13981,13981,1.07649023,15050.40991
1514755740,31-12-2017 21:29,BTC/USD,13980.03,14019.89,13980.03,13981.05,4.07196652,56930.36751
1514755680,31-12-2017 21:28,BTC/USD,14009.99,14010,13976.63,14009.99,0.78531478,11002.25221
1514755620,31-12-2017 21:27,BTC/USD,14010.62,14010.62,13976.63,14009.99,0.20109087,2817.281078
1514755560,31-12-2017 21:26,BTC/USD,14020.85,14020.85,13976.61,14020.63,1.90183388,26664.90915
1514755500,31-12-2017 21:25,BTC/USD,13995,14010.49,13980,13997.72,5.15471665,72154.28035
1514755440,31-12-2017 21:24,BTC/USD,13995,14021,13995,14021,1.66709461,23374.33353
1514755380,31-12-2017 21:23,BTC/USD,13995.59,13995.63,13995,13995,4.97421527,69614.1427
1514755320,31-12-2017 21:22,BTC/USD,14055.14,14055.14,13995.52,13995.52,1.23803562,17326.95228
1514755260,31-12-2017 21:21,BTC/USD,14039.99,14055.17,14021,14055.17,3.32050109,46670.20731
1514755200,31-12-2017 21:20,BTC/USD,14000.1,14040,14000.1,14021,1.842098,25828.05606
1514755140,31-12-2017 21:19,BTC/USD,13994.11,14020.79,13994.11,14000.1,0.17391489,2434.825851
1514755080,31-12-2017 21:18,BTC/USD,13996,14040,13993.02,14040,0.72497499,10178.64886
1514755020,31-12-2017 21:17,BTC/USD,14033.59,14034.3,13996,13996.01,2.00185777,28018.02137
1514754960,31-12-2017 21:16,BTC/USD,14000,14033.76,14000,14000,0.70613379,9885.87306
1514754900,31-12-2017 21:15,BTC/USD,14042.18,14049.63,14000,14000,5.80347756,81248.68584
1514754840,31-12-2017 21:14,BTC/USD,14041.94,14041.94,13996,14033.38,0.31773394,4458.881119
1514754780,31-12-2017 21:13,BTC/USD,13992.06,14064.42,13992.05,13992.34,5.32443356,74501.28468
1514754720,31-12-2017 21:12,BTC/USD,14064.73,14080.59,13992.05,13992.05,1.81908106,25452.67315
1514754660,31-12-2017 21:11,BTC/USD,14056.13,14093.14,14026.36,14064.78,3.28547299,46209.4548
1514754600,31-12-2017 21:10,BTC/USD,13999.98,14069.98,13976.62,14069.98,36.35735172,511547.2116
1514754540,31-12-2017 21:09,BTC/USD,13976.61,14000,13976.61,13976.63,3.22595454,45087.973
1514754480,31-12-2017 21:08,BTC/USD,13976.99,14027.6,13976.61,14000,2.3499918,32899.8852
1514754420,31-12-2017 21:07,BTC/USD,14043.16,14043.17,13976.94,14028.29,0.43043284,6038.236705
1514754360,31-12-2017 21:06,BTC/USD,14013.96,14044.69,13976.74,14043.9,0.63428882,8907.888759
1514754300,31-12-2017 21:05,BTC/USD,14013.95,14061.1,13976.62,14013.97,10.47687487,146822.6101
1514754240,31-12-2017 21:04,BTC/USD,14063.3,14063.3,14011.65,14013.99,1.0463962,14664.18588
1514754180,31-12-2017 21:03,BTC/USD,14039.98,14092.52,14030.55,14063.3,4.34480648,61102.31697
1514754120,31-12-2017 21:02,BTC/USD,14039.99,14039.99,14011.55,14030.55,7.59504928,106562.7187
1514754060,31-12-2017 21:01,BTC/USD,14086,14099.5,14011.55,14039.99,11.6869133,164084.1459
1514754000,31-12-2017 21:00,BTC/USD,14111.2,14166,14086,14086,9.24537591,130230.3651
1514753940,31-12-2017 20:59,BTC/USD,14140.32,14176.42,14111.22,14111.28,1.62713119,22960.90382
1514753880,31-12-2017 20:58,BTC/USD,14144.93,14144.93,14115.99,14140.32,3.42364159,48411.38765
1514753820,31-12-2017 20:57,BTC/USD,14195.3,14195.3,14144.93,14178.86,0.30385084,4308.258521
1514753760,31-12-2017 20:56,BTC/USD,14166.34,14195.31,14144.85,14195.31,0.59783372,8486.434984
1514753700,31-12-2017 20:55,BTC/USD,14150.5,14199.99,14146.43,14160.89,3.58388795,50751.04303
1514753640,31-12-2017 20:54,BTC/USD,14182.42,14222.43,14150.04,14150.25,0.70839223,10023.92715
1514753580,31-12-2017 20:53,BTC/USD,14213.43,14230.48,14146.37,14196.24,5.55466578,78855.36853
1514753520,31-12-2017 20:52,BTC/USD,14243.47,14243.47,14182.42,14196.04,12.32595875,174979.8035
1514753460,31-12-2017 20:51,BTC/USD,14230.54,14256.06,14182.76,14212.41,1.23130956,17499.8763
1514753400,31-12-2017 20:50,BTC/USD,14229.9,14256.25,14186.04,14230.54,0.5547034,7893.728922
1514753340,31-12-2017 20:49,BTC/USD,14170,14230.17,14165.54,14186.02,5.74952566,81562.886
1514753280,31-12-2017 20:48,BTC/USD,14186.47,14200.75,14136.02,14165.76,12.48201637,176817.2482
1514753220,31-12-2017 20:47,BTC/USD,14200.12,14272.01,14185,14215.09,4.41422495,62748.60494
1514753160,31-12-2017 20:46,BTC/USD,14173.1,14296.06,14173,14200.74,91.8192937,1303901.917
1514753100,31-12-2017 20:45,BTC/USD,14187.57,14200,14172.63,14193.73,11.17850359,158664.6618
1514753040,31-12-2017 20:44,BTC/USD,14179.92,14187.57,14172.63,14172.63,15.91557882,225565.6099
1514752980,31-12-2017 20:43,BTC/USD,14111.01,14170.44,14111.01,14123.22,16.09023816,227245.9734
1514752920,31-12-2017 20:42,BTC/USD,14131.97,14149.62,14111,14149.62,5.62825993,79637.73927
1514752860,31-12-2017 20:41,BTC/USD,14132.02,14132.02,14077.37,14131.98,0.69380823,9804.88403
1514752800,31-12-2017 20:40,BTC/USD,14056.52,14132,14056.52,14132,1.266944,17904.45261
1514752740,31-12-2017 20:39,BTC/USD,14100,14141.73,14052.93,14091.34,3.30789154,46612.62437
1514752680,31-12-2017 20:38,BTC/USD,14100,14149.63,14099.99,14141.75,3.10699599,43938.36054
1514752620,31-12-2017 20:37,BTC/USD,14072.4,14100,14072.4,14100,5.06929384,71477.04314
1514752560,31-12-2017 20:36,BTC/USD,14030,14072.41,14030,14072.41,18.17253569,255731.373
1514752500,31-12-2017 20:35,BTC/USD,14043.95,14043.95,14043.93,14043.93,0.40766501,5725.218864
1514752440,31-12-2017 20:34,BTC/USD,14033,14043.95,14026.98,14043.93,1.50868868,21187.91821
1514752380,31-12-2017 20:33,BTC/USD,14044.94,14044.95,14033,14043.95,0.31996586,4493.58454
1514752320,31-12-2017 20:32,BTC/USD,14033.11,14048,14033,14044.94,2.6623453,37392.48
1514752260,31-12-2017 20:31,BTC/USD,14048,14048,14033,14033,2.33885275,32821.12064
1514752200,31-12-2017 20:30,BTC/USD,14040,14048,14040,14048,1.39153452,19548.27694
1514752140,31-12-2017 20:29,BTC/USD,14033,14048,14033,14048,1.52685179,21449.21395
1514752080,31-12-2017 20:28,BTC/USD,14048,14048,14032.01,14048,2.41124936,33873.23101
1514752020,31-12-2017 20:27,BTC/USD,14048,14048,14031.45,14048,1.5120585,21241.39781
1514751960,31-12-2017 20:26,BTC/USD,14049,14050,14030.17,14048,4.01896611,56458.43591
1514751900,31-12-2017 20:25,BTC/USD,14049,14049,14030.2,14049,0.8248823,11588.77143
1514751840,31-12-2017 20:24,BTC/USD,14033,14049,14018.19,14030.2,1.29167853,18122.50811
1514751780,31-12-2017 20:23,BTC/USD,14033,14033,14018.1,14018.11,0.12502064,1752.553084
1514751720,31-12-2017 20:22,BTC/USD,14000,14033,14000,14033,0.50028594,7020.512596
1514751660,31-12-2017 20:21,BTC/USD,14000,14000,13968.52,14000,4.17529998,58454.19972
1514751600,31-12-2017 20:20,BTC/USD,14018.05,14018.05,13967.7,14017.84,0.59960789,8405.207465
1514751540,31-12-2017 20:19,BTC/USD,13991.2,14018.08,13966.84,14018.08,0.52436836,7350.63762
1514751480,31-12-2017 20:18,BTC/USD,13991.2,13991.2,13965.68,13991.2,0.41254998,5772.06928
1514751420,31-12-2017 20:17,BTC/USD,13986.1,13991.2,13956.91,13981.19,1.96413655,27460.96629
1514751360,31-12-2017 20:16,BTC/USD,14028.51,14028.51,13956.8,13986.08,3.75186104,52473.82865
1514751300,31-12-2017 20:15,BTC/USD,13999.56,14029.77,13987.91,13988.31,1.48841363,20820.39126
1514751240,31-12-2017 20:14,BTC/USD,14059.15,14059.15,14029.91,14029.91,1.0328253,14490.446
1514751180,31-12-2017 20:13,BTC/USD,14030.24,14072.32,14029.91,14029.91,0.14312643,2008.050932
1514751120,31-12-2017 20:12,BTC/USD,14042.64,14072.42,14029.98,14072.42,1.04306315,14678.42273
1514751060,31-12-2017 20:11,BTC/USD,14018.63,14072.42,14018.63,14068.17,0.99521381,14000.83707
1514751000,31-12-2017 20:10,BTC/USD,14038.31,14072.4,13986.1,14028.18,11.53303286,161787.4609
1514750940,31-12-2017 20:09,BTC/USD,14100.03,14112.1,14038.32,14038.32,2.36217505,33160.96925
1514750880,31-12-2017 20:08,BTC/USD,14110,14166.97,14099.98,14102.19,2.05205028,28938.40294
1514750820,31-12-2017 20:07,BTC/USD,14150.5,14167.01,14119.89,14119.89,4.96062913,70043.53765
1514750760,31-12-2017 20:06,BTC/USD,14099.98,14152.19,14082.02,14152.19,25.68502776,363499.393
1514750700,31-12-2017 20:05,BTC/USD,14081.7,14100,14045.01,14099.98,17.50146321,246770.2812
1514750640,31-12-2017 20:04,BTC/USD,14060.69,14081.7,14030.28,14070,5.45516487,76754.16972
1514750580,31-12-2017 20:03,BTC/USD,14022.98,14075.33,14015.36,14060.69,8.91916721,125409.6452
1514750520,31-12-2017 20:02,BTC/USD,13989,14044.62,13970.9,14036.14,17.29967007,242820.5911
1514750460,31-12-2017 20:01,BTC/USD,13948.95,13989,13948.95,13989,3.16865105,44326.25954
1514750400,31-12-2017 20:00,BTC/USD,13949.65,13959,13948.95,13948.95,2.22927913,31096.10312
1514750340,31-12-2017 19:59,BTC/USD,13949.58,13958.8,13920.03,13949.61,0.16368894,2283.396874
1514750280,31-12-2017 19:58,BTC/USD,13930.03,13949.71,13901.02,13949.58,0.63593799,8871.067867
1514750220,31-12-2017 19:57,BTC/USD,13920.03,13924.98,13901.01,13924.98,0.31020106,4319.543556
1514750160,31-12-2017 19:56,BTC/USD,13897.73,13920,13897.73,13901,4.68829137,65171.93833
1514750100,31-12-2017 19:55,BTC/USD,13866.13,13897.74,13866.13,13884.91,2.69516132,37422.07236
1514750040,31-12-2017 19:54,BTC/USD,13868.67,13919.76,13866.55,13866.55,1.6960492,23518.35103
1514749980,31-12-2017 19:53,BTC/USD,13890,13899.1,13868.67,13868.67,3.84489299,53323.55206
1514749920,31-12-2017 19:52,BTC/USD,13889.96,13890,13860.01,13890,2.36348331,32828.78318
1514749860,31-12-2017 19:51,BTC/USD,13871.13,13898.4,13860.01,13861.8,8.15223783,113004.6904
1514749800,31-12-2017 19:50,BTC/USD,13856.4,13898.84,13856.39,13871.13,3.05082666,42318.41321
1514749740,31-12-2017 19:49,BTC/USD,13890.03,13920.03,13827.63,13898.91,3.26908481,45436.71556
1514749680,31-12-2017 19:48,BTC/USD,13949.87,13949.87,13899.97,13899.97,1.70021518,23632.94
1514749620,31-12-2017 19:47,BTC/USD,13900.03,13950.02,13900,13900,9.34949939,129958.0415
1514749560,31-12-2017 19:46,BTC/USD,13920,13965.84,13900,13900.02,2.94527126,40939.32942
1514749500,31-12-2017 19:45,BTC/USD,13920,13920,13900,13920,7.8504888,109278.8041
1514749440,31-12-2017 19:44,BTC/USD,13927.19,13927.19,13900,13920,4.14630927,57716.62504
1514749380,31-12-2017 19:43,BTC/USD,13926.48,13945.76,13907.66,13907.66,4.1378839,57548.2824
1514749320,31-12-2017 19:42,BTC/USD,13875.69,13927.18,13875.52,13927.18,6.59739622,91883.12469
1514749260,31-12-2017 19:41,BTC/USD,13941.88,13941.88,13875.65,13875.66,0.36810734,5107.732293
1514749200,31-12-2017 19:40,BTC/USD,13944.38,13944.38,13877.22,13877.24,1.11409388,15460.54816
1514749140,31-12-2017 19:39,BTC/USD,13945.35,13945.35,13862.09,13862.2,1.7480099,24231.26284
1514749080,31-12-2017 19:38,BTC/USD,13911.65,13945.96,13856.13,13945.48,3.64258762,50797.6328
1514749020,31-12-2017 19:37,BTC/USD,13815.28,13911.54,13815.28,13911.3,2.81089612,39103.21919
1514748960,31-12-2017 19:36,BTC/USD,13886.01,13932.5,13804.25,13815.3,18.02103903,248966.0605
1514748900,31-12-2017 19:35,BTC/USD,13906.02,13945.06,13886.01,13886.01,0.34909359,4847.517082
1514748840,31-12-2017 19:34,BTC/USD,13906.02,13963.81,13906.02,13945.07,0.9300181,12969.16751
1514748780,31-12-2017 19:33,BTC/USD,13945.31,13945.32,13884.93,13906.02,0.25335082,3523.10157
1514748720,31-12-2017 19:32,BTC/USD,13945.33,13945.34,13920.13,13920.14,1.80879841,25178.7271
1514748660,31-12-2017 19:31,BTC/USD,13980.02,13999.22,13920.01,13920.01,3.49283823,48620.34309
1514748600,31-12-2017 19:30,BTC/USD,13922.06,13968.94,13903.74,13958.92,2.70258977,37725.23439
1514748540,31-12-2017 19:29,BTC/USD,13915.86,13922.05,13880,13886.89,0.2771847,3849.233439
1514748480,31-12-2017 19:28,BTC/USD,13936.74,13965.73,13880.32,13880.32,1.90346415,26420.69151
1514748420,31-12-2017 19:27,BTC/USD,13950,13973.42,13936.74,13936.74,1.29088881,17990.78171
1514748360,31-12-2017 19:26,BTC/USD,13962.79,13978.78,13887.24,13940.04,2.66900207,37205.99562
1514748300,31-12-2017 19:25,BTC/USD,13979.94,13979.94,13971.78,13971.78,0.36318387,5074.325131
1514748240,31-12-2017 19:24,BTC/USD,13986.48,14024.56,13936.72,13979.95,4.11442358,57519.43593
1514748180,31-12-2017 19:23,BTC/USD,14002.1,14005.43,13986.47,14001.57,0.08447853,1182.832051
1514748120,31-12-2017 19:22,BTC/USD,13975.52,14027.93,13975.52,13985.77,1.88950165,26426.13549
1514748060,31-12-2017 19:21,BTC/USD,14049.75,14049.77,13999.14,13999.14,7.23655491,101305.5453
1514748000,31-12-2017 19:20,BTC/USD,14002.69,14049.78,14002.69,14049.78,0.02921442,410.4561738
1514747940,31-12-2017 19:19,BTC/USD,14037.95,14048.68,14000.01,14002.69,2.14604533,30050.40748
1514747880,31-12-2017 19:18,BTC/USD,14028.7,14037.96,14000,14000,1.25494197,17569.18758
1514747820,31-12-2017 19:17,BTC/USD,14005,14037.94,14000,14000.01,3.27091823,45792.88793
1514747760,31-12-2017 19:16,BTC/USD,13999.14,14005,13999.14,14005,1.85278805,25948.29664
1514747700,31-12-2017 19:15,BTC/USD,14005,14005,13999.14,13999.14,3.8278907,53587.17781
1514747640,31-12-2017 19:14,BTC/USD,14004.55,14005,13999.14,13999.14,1.80466991,25263.82672
1514747580,31-12-2017 19:13,BTC/USD,13999.87,14000,13999.14,13999.14,0.693418,9707.255661
1514747520,31-12-2017 19:12,BTC/USD,13991.13,13991.15,13922.36,13931.23,1.34416485,18725.86968
1514747460,31-12-2017 19:11,BTC/USD,13920.06,13978.47,13920.06,13920.12,0.58467938,8138.807131
1514747400,31-12-2017 19:10,BTC/USD,13978.73,13982.24,13918.75,13978.86,0.42759328,5977.266598
1514747340,31-12-2017 19:09,BTC/USD,13950,13978.98,13918.79,13978.73,3.87151255,54118.82863
1514747280,31-12-2017 19:08,BTC/USD,13990.24,13998.91,13950,13950.02,9.21501517,128549.6459
1514747220,31-12-2017 19:07,BTC/USD,13950.01,13998.98,13950,13950,1.78670614,24924.55065
1514747160,31-12-2017 19:06,BTC/USD,13885.44,14000,13885.44,14000,15.82739528,221583.5339
1514747100,31-12-2017 19:05,BTC/USD,13880.45,13900.01,13880,13885.39,0.5678873,7885.336637
1514747040,31-12-2017 19:04,BTC/USD,13894.26,13978.24,13879.83,13880.45,11.21420775,155658.25
1514746980,31-12-2017 19:03,BTC/USD,13850.4,13933.94,13850.4,13894.25,0.89435677,12426.41655
1514746920,31-12-2017 19:02,BTC/USD,13888.91,13938.63,13850.01,13850.4,3.55368494,49219.95789
1514746860,31-12-2017 19:01,BTC/USD,13821.05,13888.9,13821.05,13850.67,18.0838674,250473.6797
1514746800,31-12-2017 19:00,BTC/USD,13840.53,13840.53,13819.04,13820.96,1.04552221,14450.12064
1514746740,31-12-2017 18:59,BTC/USD,13811.01,13844,13808.19,13808.19,1.22067185,16855.26883
1514746680,31-12-2017 18:58,BTC/USD,13812.4,13834.98,13777.56,13811,4.32579857,59743.60405
1514746620,31-12-2017 18:57,BTC/USD,13802.59,13888.91,13800.11,13800.11,36.48569571,503506.6142
1514746560,31-12-2017 18:56,BTC/USD,13844.01,13868.91,13802.59,13802.59,14.51501968,200344.8655
1514746500,31-12-2017 18:55,BTC/USD,13844.02,13876.18,13844.02,13876.18,1.68632273,23399.71774
1514746440,31-12-2017 18:54,BTC/USD,13845.15,13892.21,13844,13844,0.52576097,7278.634869
1514746380,31-12-2017 18:53,BTC/USD,13844.93,13892.12,13844.93,13892.02,0.43617792,6059.392388
1514746320,31-12-2017 18:52,BTC/USD,13892.81,13892.82,13844.93,13859.5,0.6138669,8507.888301
1514746260,31-12-2017 18:51,BTC/USD,13898.99,13898.99,13844.92,13844.92,0.29428914,4074.4096
1514746200,31-12-2017 18:50,BTC/USD,13859.81,13905.57,13848.92,13848.92,0.88897236,12311.3071
1514746140,31-12-2017 18:49,BTC/USD,13886,13905.57,13848.97,13859.79,1.0145263,14061.12147
1514746080,31-12-2017 18:48,BTC/USD,13890,13905.57,13886,13905.57,1.40492203,19536.24163
1514746020,31-12-2017 18:47,BTC/USD,13858.91,13888.93,13848.92,13888.93,6.19535844,86046.8997
1514745960,31-12-2017 18:46,BTC/USD,13887.9,13887.9,13887.89,13887.9,0.09061974,1258.517887
1514745900,31-12-2017 18:45,BTC/USD,13826.02,13905.51,13826.02,13887.93,0.05967057,828.7006992
1514745840,31-12-2017 18:44,BTC/USD,13838.46,13905.55,13836.01,13895.56,1.66814815,23179.85271
1514745780,31-12-2017 18:43,BTC/USD,13837.37,13895.97,13837.37,13895.97,0.79613025,11063.00207
1514745720,31-12-2017 18:42,BTC/USD,13896,13896,13837.26,13837.26,1.82813122,25296.32701
1514745660,31-12-2017 18:41,BTC/USD,13854.64,13909.19,13846.01,13875.24,21.21664084,294385.9836
1514745600,31-12-2017 18:40,BTC/USD,13860.1,13908.02,13854.55,13854.64,8.19422474,113528.0339
1514745540,31-12-2017 18:39,BTC/USD,13916.36,13916.36,13860.01,13860.1,3.42393394,47456.0668
1514745480,31-12-2017 18:38,BTC/USD,13858.26,13917.3,13858.26,13860.54,1.03091628,14289.05634
1514745420,31-12-2017 18:37,BTC/USD,13900.01,13918.89,13857.07,13857.07,0.08702577,1205.922187
1514745360,31-12-2017 18:36,BTC/USD,13854.52,13890.01,13854.52,13864.15,2.03545328,28219.82959
1514745300,31-12-2017 18:35,BTC/USD,13855.11,13870,13847.51,13870,3.68407286,51098.09057
1514745240,31-12-2017 18:34,BTC/USD,13828.48,13876.9,13803.47,13855.11,3.46634767,48026.62827
1514745180,31-12-2017 18:33,BTC/USD,13841.77,13860,13810,13860,0.73774987,10225.2132
1514745120,31-12-2017 18:32,BTC/USD,13861.92,13881.66,13841.69,13856.84,4.55454089,63111.54439
1514745060,31-12-2017 18:31,BTC/USD,13903.54,13903.54,13860,13860,1.53979442,21341.55066
1514745000,31-12-2017 18:30,BTC/USD,13909.14,13913.59,13909.14,13913.59,0.39669314,5519.425706
1514744940,31-12-2017 18:29,BTC/USD,13934.97,13935,13888.85,13899.01,2.94381183,40916.07006
1514744880,31-12-2017 18:28,BTC/USD,13919,13941.66,13899.01,13899.03,1.30682722,18163.63074
1514744820,31-12-2017 18:27,BTC/USD,13899.01,13900.05,13870,13900.05,3.55159049,49367.28539
1514744760,31-12-2017 18:26,BTC/USD,13917,13952.2,13899.01,13900,6.1553607,85559.51373
1514744700,31-12-2017 18:25,BTC/USD,13974.9,13976.44,13900.1,13900.1,6.01305655,83582.08735
1514744640,31-12-2017 18:24,BTC/USD,13935.3,13976.31,13934,13934,0.60654158,8451.550376
1514744580,31-12-2017 18:23,BTC/USD,13935.3,13976.42,13935.3,13935.38,1.59291989,22197.94398
1514744520,31-12-2017 18:22,BTC/USD,13975,13976.44,13934.51,13934.51,1.47307235,20526.54139
1514744460,31-12-2017 18:21,BTC/USD,13961.46,13975,13947.15,13975,0.55207808,7715.291168
1514744400,31-12-2017 18:20,BTC/USD,13971.68,13971.71,13934.5,13947.05,0.3319988,4630.403864
1514744340,31-12-2017 18:19,BTC/USD,13975.17,13975.17,13925.23,13950.17,3.0635621,42737.2121
1514744280,31-12-2017 18:18,BTC/USD,13971.94,13988.83,13925,13925.2,1.68703793,23492.34058
1514744220,31-12-2017 18:17,BTC/USD,13972,13972,13925.01,13971.97,0.21435663,2994.984404
1514744160,31-12-2017 18:16,BTC/USD,13915,13970.99,13900.1,13970.99,9.28963286,129785.3678
1514744100,31-12-2017 18:15,BTC/USD,13979.6,13979.6,13900.33,13967.07,9.57580101,133745.883
1514744040,31-12-2017 18:14,BTC/USD,13968.99,14006.33,13967,13967,2.82538524,39462.15565
1514743980,31-12-2017 18:13,BTC/USD,13970.04,14000,13967.01,13968.99,5.02923886,70253.38734
1514743920,31-12-2017 18:12,BTC/USD,13999.99,14000,13999.99,14000,0.32721088,4580.95232
1514743860,31-12-2017 18:11,BTC/USD,13999.89,14000,13966.55,14000,0.76125121,10657.51694
1514743800,31-12-2017 18:10,BTC/USD,13985.96,14000,13955.99,13999.91,0.70705574,9898.716725
1514743740,31-12-2017 18:09,BTC/USD,13995.93,13999.96,13955.99,13985.95,5.1684065,72285.07489
1514743680,31-12-2017 18:08,BTC/USD,13995.98,13995.98,13956.92,13956.92,0.57878402,8078.042264
1514743620,31-12-2017 18:07,BTC/USD,13971.05,14000,13970.74,13970.74,1.59065377,22222.61025
1514743560,31-12-2017 18:06,BTC/USD,13970.85,14000,13970.85,13999.99,1.10734966,15502.88417
1514743500,31-12-2017 18:05,BTC/USD,14000,14000,13970.49,13970.97,1.78968239,25003.59898
1514743440,31-12-2017 18:04,BTC/USD,13962.6,14000,13957.7,13970.56,17.20933847,240424.0957
1514743380,31-12-2017 18:03,BTC/USD,13999.99,14000,13955.89,13962.6,3.9785178,55550.45263
1514743320,31-12-2017 18:02,BTC/USD,13999.99,14000,13973.57,13973.57,1.90003217,26550.23253
1514743260,31-12-2017 18:01,BTC/USD,13973.58,14000,13939.83,13999.99,0.44672441,6254.137273
1514743200,31-12-2017 18:00,BTC/USD,13987.58,13987.58,13921.34,13973.58,1.1112266,15527.81379
1514743140,31-12-2017 17:59,BTC/USD,13988.29,13988.29,13921.02,13987.64,2.49888212,34953.4635
1514743080,31-12-2017 17:58,BTC/USD,13999.53,13999.53,13920.99,13988.28,2.81617495,39393.44373
1514743020,31-12-2017 17:57,BTC/USD,13984.55,13984.55,13939,13939,1.95339104,27228.31771
1514742960,31-12-2017 17:56,BTC/USD,13900,13985.01,13888.03,13938.17,3.59443419,50099.83479
1514742900,31-12-2017 17:55,BTC/USD,13900,13900,13898.99,13900,13.31131993,185027.347
1514742840,31-12-2017 17:54,BTC/USD,13900,13900,13890,13900,3.05077994,42405.84117
1514742780,31-12-2017 17:53,BTC/USD,13898.99,13900,13875.88,13898.99,8.08556701,112381.215
1514742720,31-12-2017 17:52,BTC/USD,13949.99,13950,13890.93,13898.99,5.00752408,69599.52711
1514742660,31-12-2017 17:51,BTC/USD,13949.99,13985.97,13911.7,13949.99,2.68206166,37414.73334
1514742600,31-12-2017 17:50,BTC/USD,13950,13950,13935.09,13949.99,1.47065611,20515.63803
1514742540,31-12-2017 17:49,BTC/USD,13897.96,13952.94,13888,13900.99,16.44806176,228644.342
1514742480,31-12-2017 17:48,BTC/USD,13930,13930,13888.03,13900,7.06073364,98144.1976
1514742420,31-12-2017 17:47,BTC/USD,13989.81,13989.81,13901,13930,10.94075434,152404.708
1514742360,31-12-2017 17:46,BTC/USD,14055.86,14071.81,13983,13983.01,16.02170937,224031.7223
1514742300,31-12-2017 17:45,BTC/USD,14039.1,14080.66,14029.92,14029.92,1.14193312,16021.23032
1514742240,31-12-2017 17:44,BTC/USD,14038.67,14080.69,14038.6,14040,9.68144298,135927.4594
1514742180,31-12-2017 17:43,BTC/USD,14023.91,14080.7,13978.4,14038.67,14.0540315,197299.9104
1514742120,31-12-2017 17:42,BTC/USD,13973.47,14025.25,13973.47,14023.91,2.14773804,30119.68498
1514742060,31-12-2017 17:41,BTC/USD,13977.45,14025.21,13977.45,13979.34,1.37800952,19263.6636
1514742000,31-12-2017 17:40,BTC/USD,14004.01,14032.53,13973.21,13977.17,4.24011886,59264.86213
1514741940,31-12-2017 17:39,BTC/USD,13987.35,14055.4,13987.35,14004,2.70320294,37855.65397
1514741880,31-12-2017 17:38,BTC/USD,14022.35,14022.35,13971.02,14002.59,7.6339495,106895.0649
1514741820,31-12-2017 17:37,BTC/USD,13963.81,14072.51,13962.95,14022.35,53.92643103,756175.2902
1514741760,31-12-2017 17:36,BTC/USD,13948.31,13959.12,13907.11,13959.12,1.40999836,19682.33631
1514741700,31-12-2017 17:35,BTC/USD,13888.1,13948.23,13888,13904.42,6.22588849,86567.36844
1514741640,31-12-2017 17:34,BTC/USD,13931.66,13931.66,13888.11,13897.9,1.71065567,23774.52144
1514741580,31-12-2017 17:33,BTC/USD,13947.98,13947.98,13897.9,13932.25,0.17946587,2500.363367
1514741520,31-12-2017 17:32,BTC/USD,13948.23,13948.23,13948.05,13948.05,0.0209992,292.8978916
1514741460,31-12-2017 17:31,BTC/USD,13948.29,13948.3,13948.28,13948.28,0.19367199,2701.391145
1514741400,31-12-2017 17:30,BTC/USD,13920.03,13949.09,13920.03,13948.29,0.1981385,2763.693258
1514741340,31-12-2017 17:29,BTC/USD,13930.85,13975.13,13897.77,13920.03,8.99744125,125244.6521
1514741280,31-12-2017 17:28,BTC/USD,13982.21,14003.06,13924.57,13930.85,14.38424169,200384.7133
1514741220,31-12-2017 17:27,BTC/USD,14018.24,14044.31,13982.02,13982.21,0.4058306,5674.408674
1514741160,31-12-2017 17:26,BTC/USD,14013.45,14053.39,13980.69,13981.02,4.78789033,66939.59046
1514741100,31-12-2017 17:25,BTC/USD,14030.73,14055.88,13946.7,13980.7,4.0249975,56272.28255
1514741040,31-12-2017 17:24,BTC/USD,13938.36,14081.7,13938.36,13980.72,63.22875541,883983.5253
1514740980,31-12-2017 17:23,BTC/USD,13987.97,13987.97,13896.58,13938.37,3.20916287,44730.49947
1514740920,31-12-2017 17:22,BTC/USD,13987.97,14015.09,13935.11,14009.99,9.6617193,135360.5908
1514740860,31-12-2017 17:21,BTC/USD,13950.01,14000,13942.29,13987.97,7.51927241,105179.3569
1514740800,31-12-2017 17:20,BTC/USD,13900.01,13950.01,13892.19,13950.01,5.04967553,70443.02414
1514740740,31-12-2017 17:19,BTC/USD,13900,13936.54,13856.29,13934.88,3.40488915,47446.72172
1514740680,31-12-2017 17:18,BTC/USD,13902,13920.33,13900,13900,5.81041011,80764.70053
1514740620,31-12-2017 17:17,BTC/USD,13839.01,13902,13821.73,13902,13.44221569,186873.6825
1514740560,31-12-2017 17:16,BTC/USD,13770,13877.9,13768.8,13839.01,8.96549022,124073.5088
1514740500,31-12-2017 17:15,BTC/USD,13838.57,13838.57,13768.8,13787.73,18.92928711,260991.8998
1514740440,31-12-2017 17:14,BTC/USD,13837.71,13838.93,13787.44,13810.3,41.11900121,567865.7424
1514740380,31-12-2017 17:13,BTC/USD,13898.46,13898.46,13837.71,13837.77,4.3997647,60882.93197
1514740320,31-12-2017 17:12,BTC/USD,13850.42,13905.78,13837.71,13837.92,9.95414368,137744.6439
1514740260,31-12-2017 17:11,BTC/USD,13878.04,13884.4,13850.4,13850.42,15.41042785,213440.8981
1514740200,31-12-2017 17:10,BTC/USD,13908.02,13950,13878.04,13878.05,3.29605316,45742.79056
1514740140,31-12-2017 17:09,BTC/USD,13950,13951.27,13908,13949.99,4.87488314,68004.57105
1514740080,31-12-2017 17:08,BTC/USD,13973.72,14000,13951.01,13951.01,2.24476143,31316.68916
1514740020,31-12-2017 17:07,BTC/USD,13950.1,13986.83,13950,13951.23,1.07740966,15031.18997
1514739960,31-12-2017 17:06,BTC/USD,13988.89,14000,13930.38,13950.1,26.54845408,370353.5893
1514739900,31-12-2017 17:05,BTC/USD,13948.58,13989,13922.82,13988.89,4.72921671,66156.49234
1514739840,31-12-2017 17:04,BTC/USD,13900,13948.58,13900,13948.58,31.83742147,444086.8204
1514739780,31-12-2017 17:03,BTC/USD,13928.6,13988.99,13884.65,13900,27.46243098,381727.7906
1514739720,31-12-2017 17:02,BTC/USD,13990.42,14010,13940.43,13940.43,5.52745839,77055.14676
1514739660,31-12-2017 17:01,BTC/USD,14039.29,14039.29,13980.01,13990.43,6.31922057,88408.61304
1514739600,31-12-2017 17:00,BTC/USD,14036.4,14050,14015.1,14039.29,8.45496331,118701.6818
1514739540,31-12-2017 16:59,BTC/USD,14059.96,14059.96,13970,14036.58,49.45002681,694109.2573
1514739480,31-12-2017 16:58,BTC/USD,14000,14080,13993.35,14038.79,14.96261057,210056.9476
1514739420,31-12-2017 16:57,BTC/USD,14000.81,14053.18,14000,14000,35.79886703,501184.1384
1514739360,31-12-2017 16:56,BTC/USD,14042.53,14059.43,14000.1,14049.99,10.40649483,146211.1483
1514739300,31-12-2017 16:55,BTC/USD,14036.19,14090.8,14020.12,14020.12,11.88306267,166601.9646
1514739240,31-12-2017 16:54,BTC/USD,14117.19,14117.29,14034.88,14035.84,17.09473629,239938.9834
1514739180,31-12-2017 16:53,BTC/USD,14129.51,14187.02,14097.4,14117.19,19.56860643,276253.735
1514739120,31-12-2017 16:52,BTC/USD,14008.23,14176.92,14002.41,14129.51,21.58728034,305017.6934
1514739060,31-12-2017 16:51,BTC/USD,14001.1,14012.29,14000,14008.23,70.88587542,992985.6466
1514739000,31-12-2017 16:50,BTC/USD,14065,14065,14001.09,14001.09,4.04628651,56652.42159
1514738940,31-12-2017 16:49,BTC/USD,14100.01,14126.32,14065,14065,3.78342524,53213.876
1514738880,31-12-2017 16:48,BTC/USD,14090,14126.32,14064.83,14126.32,18.8356157,266077.9348
1514738820,31-12-2017 16:47,BTC/USD,14080,14100,14040,14090,14.27473172,201130.9699
1514738760,31-12-2017 16:46,BTC/USD,14133.18,14138.08,14020.49,14040,32.86776502,461463.4209
1514738700,31-12-2017 16:45,BTC/USD,14133.18,14138.64,14110,14136.28,25.84904322,365409.3127
1514738640,31-12-2017 16:44,BTC/USD,14133.63,14145.28,14110.1,14133.18,16.65678126,235413.2878
1514738580,31-12-2017 16:43,BTC/USD,14172.66,14187.57,14133.63,14133.63,52.63279371,743892.4322
1514738520,31-12-2017 16:42,BTC/USD,14118.7,14187.57,14118.6,14167,39.94879919,565954.6381
1514738460,31-12-2017 16:41,BTC/USD,14110,14145,14100,14118.6,35.80070354,505455.813
1514738400,31-12-2017 16:40,BTC/USD,14098.99,14110,14077.55,14110,16.20921763,228712.0608
1514738340,31-12-2017 16:39,BTC/USD,14000,14100,14000,14089.7,65.33518294,920553.1271
1514738280,31-12-2017 16:38,BTC/USD,13948.6,14000,13936.52,14000,103.3517855,1446924.997
1514738220,31-12-2017 16:37,BTC/USD,13948.56,13998,13948.56,13997,4.28634833,59996.01758
1514738160,31-12-2017 16:36,BTC/USD,13980.01,13998,13928.59,13948.56,8.91745755,124385.6917
1514738100,31-12-2017 16:35,BTC/USD,13998,13999,13958.74,13990,10.71050908,149840.022
1514738040,31-12-2017 16:34,BTC/USD,13999,13999,13977.92,13998,3.7898443,53050.24051
1514737980,31-12-2017 16:33,BTC/USD,13998.99,13999,13937.56,13999,5.2322593,73246.39794
1514737920,31-12-2017 16:32,BTC/USD,13975,13999,13940,13999,7.15570106,100172.6591
1514737860,31-12-2017 16:31,BTC/USD,13930,14000,13930,13958.82,31.68319283,442259.9857
1514737800,31-12-2017 16:30,BTC/USD,13845.86,13916.96,13828,13916.96,5.13178078,71418.78784
1514737740,31-12-2017 16:29,BTC/USD,13849.2,13930.05,13828.06,13855.86,36.0170714,499047.4989
1514737680,31-12-2017 16:28,BTC/USD,13849.83,13850,13827.44,13828,6.62525514,91614.02808
1514737620,31-12-2017 16:27,BTC/USD,13872.59,13884.52,13849.2,13849.83,5.64314743,78156.63257
1514737560,31-12-2017 16:26,BTC/USD,13900,13929.95,13860.01,13860.01,14.55518018,201734.9428
1514737500,31-12-2017 16:25,BTC/USD,13900,13934.47,13879.22,13900,5.89878213,81993.07161
1514737440,31-12-2017 16:24,BTC/USD,13868.25,13954.53,13868.25,13900,12.47006785,173333.9431
1514737380,31-12-2017 16:23,BTC/USD,13879.99,13999,13824.73,13854,81.85001726,1133950.139
1514737320,31-12-2017 16:22,BTC/USD,13828.76,13900,13824.77,13880,68.05856389,944652.8668
1514737260,31-12-2017 16:21,BTC/USD,13847.24,13847.24,13753.46,13825,9.78195876,135235.5799
1514737200,31-12-2017 16:20,BTC/USD,13827.24,13862.26,13770.62,13847.24,24.56854673,340206.563
1514737140,31-12-2017 16:19,BTC/USD,13953.39,13954.38,13794.84,13827.24,30.72614997,424857.8499
1514737080,31-12-2017 16:18,BTC/USD,13933,13954.61,13915.01,13915.49,31.56097696,439186.4593
1514737020,31-12-2017 16:17,BTC/USD,13900,13933.39,13885.49,13933.39,48.98860935,682577.3996
1514736960,31-12-2017 16:16,BTC/USD,13851.06,13900,13851.06,13900,23.36811505,324816.7992
1514736900,31-12-2017 16:15,BTC/USD,13835,13872.31,13829.57,13851.06,37.34371519,517250.0397
1514736840,31-12-2017 16:14,BTC/USD,13803.91,13835,13760.79,13835,15.49226489,214335.4848
1514736780,31-12-2017 16:13,BTC/USD,13790.73,13804.33,13760.94,13802.13,16.2254712,223946.0628
1514736720,31-12-2017 16:12,BTC/USD,13755.71,13810,13742.28,13760.94,26.64413512,366648.3447
1514736660,31-12-2017 16:11,BTC/USD,13670.67,13800,13662.49,13755.71,75.72484055,1041648.946
1514736600,31-12-2017 16:10,BTC/USD,13660,13700.2,13644.42,13670.52,28.25189316,386218.0705
1514736540,31-12-2017 16:09,BTC/USD,13598.01,13666.03,13589.01,13660,25.23903457,344765.2122
1514736480,31-12-2017 16:08,BTC/USD,13625.01,13659,13574.19,13599.99,55.02760025,748374.8131
1514736420,31-12-2017 16:07,BTC/USD,13641,13658.9,13610,13655.06,42.98300054,586935.4514
1514736360,31-12-2017 16:06,BTC/USD,13589.97,13649,13588.36,13641,41.87955783,571279.0484
1514736300,31-12-2017 16:05,BTC/USD,13505.1,13589.28,13505.1,13589.28,54.60917776,742099.4072
1514736240,31-12-2017 16:04,BTC/USD,13458.36,13503.49,13458.36,13503.49,70.53569637,952478.0706
1514736180,31-12-2017 16:03,BTC/USD,13429.25,13462.82,13429.25,13450,13.36343867,179738.2501
1514736120,31-12-2017 16:02,BTC/USD,13416.23,13449.48,13400,13429.25,6.99142836,93889.6393
1514736060,31-12-2017 16:01,BTC/USD,13365.18,13416.23,13365.18,13416.23,0.74059782,9936.030691
1514736000,31-12-2017 16:00,BTC/USD,13351.01,13381,13301.78,13381,3.86886176,51769.23921
1514735940,31-12-2017 15:59,BTC/USD,13380.16,13399.99,13301.75,13301.75,1.37002224,18223.69333
1514735880,31-12-2017 15:58,BTC/USD,13417.59,13417.59,13365,13365,0.86220324,11523.3463
1514735820,31-12-2017 15:57,BTC/USD,13424.84,13424.84,13370.02,13394,2.07327633,27769.46316
1514735760,31-12-2017 15:56,BTC/USD,13366.06,13424.84,13365.35,13424.84,1.52871125,20522.70394
1514735700,31-12-2017 15:55,BTC/USD,13398,13417.9,13365,13411.83,5.28381283,70865.59943
1514735640,31-12-2017 15:54,BTC/USD,13400,13417.79,13398,13398,11.34804194,152041.0659
1514735580,31-12-2017 15:53,BTC/USD,13429.21,13429.21,13400,13417.79,24.6882784,331262.135
1514735520,31-12-2017 15:52,BTC/USD,13362.98,13429.25,13362.98,13429.22,15.12440199,203108.9217
1514735460,31-12-2017 15:51,BTC/USD,13355,13361.44,13354.97,13361.44,5.56841901,74402.0965
1514735400,31-12-2017 15:50,BTC/USD,13321.23,13355,13283.83,13355,5.11953789,68371.42852
1514735340,31-12-2017 15:49,BTC/USD,13251.86,13321.6,13251.67,13321.23,4.65464293,62005.56904
1514735280,31-12-2017 15:48,BTC/USD,13249.65,13322.23,13249.65,13321.75,3.31537758,44166.63128
1514735220,31-12-2017 15:47,BTC/USD,13283.61,13314.23,13282.1,13314.23,1.66542198,22173.81129
1514735160,31-12-2017 15:46,BTC/USD,13299.89,13300,13271.68,13271.68,0.34982106,4642.713166
1514735100,31-12-2017 15:45,BTC/USD,13274.4,13305.52,13230.01,13299.91,3.26773466,43460.57688
1514735040,31-12-2017 15:44,BTC/USD,13294.33,13305.16,13230.01,13305.16,2.19334442,29182.79844
1514734980,31-12-2017 15:43,BTC/USD,13270.67,13294.33,13227.83,13294.33,0.88609732,11780.07018
1514734920,31-12-2017 15:42,BTC/USD,13258.01,13314.13,13222.45,13222.47,2.57291659,34020.31242
1514734860,31-12-2017 15:41,BTC/USD,13259.8,13288.64,13203.85,13203.85,1.61763298,21358.98322
1514734800,31-12-2017 15:40,BTC/USD,13297.67,13305.36,13250,13259.86,5.07810188,67334.91999
1514734740,31-12-2017 15:39,BTC/USD,13297.45,13313.68,13271.5,13297.67,6.54413869,87021.79673
1514734680,31-12-2017 15:38,BTC/USD,13213.69,13297.63,13213.69,13251.94,0.58361286,7734.002604
1514734620,31-12-2017 15:37,BTC/USD,13243.7,13248.35,13213.64,13248.35,0.9610633,12732.50297
1514734560,31-12-2017 15:36,BTC/USD,13244.35,13275.99,13200.1,13259.22,1.61359835,21395.05551
1514734500,31-12-2017 15:35,BTC/USD,13240.14,13262.21,13195.63,13260.29,0.98389189,13046.69179
1514734440,31-12-2017 15:34,BTC/USD,13248.4,13249.06,13231.79,13231.79,1.15317809,15258.61032
1514734380,31-12-2017 15:33,BTC/USD,13216.61,13230.44,13188.35,13230.44,3.05047712,40359.15451
1514734320,31-12-2017 15:32,BTC/USD,13265,13275.62,13188.24,13216.61,10.24891064,135455.8549
1514734260,31-12-2017 15:31,BTC/USD,13265,13291.58,13265,13265,1.7782823,23588.91471
1514734200,31-12-2017 15:30,BTC/USD,13265,13291.59,13265,13291.5,1.46048137,19411.98813
1514734140,31-12-2017 15:29,BTC/USD,13291.01,13296.97,13265,13265,0.72457055,9611.428346
1514734080,31-12-2017 15:28,BTC/USD,13285.5,13291.07,13285.5,13290.96,0.90897197,12081.11009
1514734020,31-12-2017 15:27,BTC/USD,13258.43,13284.32,13199.72,13284.32,1.37675167,18289.20974
1514733960,31-12-2017 15:26,BTC/USD,13265.06,13288.2,13208.43,13208.44,1.5729292,20775.94096
1514733900,31-12-2017 15:25,BTC/USD,13258.39,13288,13251.01,13251.01,3.21639842,42620.52763
1514733840,31-12-2017 15:24,BTC/USD,13204.03,13258.41,13168.23,13258.41,1.22083811,16186.37221
1514733780,31-12-2017 15:23,BTC/USD,13204.04,13241,13168.14,13168.14,10.2407971,134852.2499
1514733720,31-12-2017 15:22,BTC/USD,13258.3,13258.3,13171.85,13204.05,6.27012444,82791.03661
1514733660,31-12-2017 15:21,BTC/USD,13245.41,13260.29,13210.23,13245.01,5.09499554,67483.26688
1514733600,31-12-2017 15:20,BTC/USD,13230.33,13246.12,13230.32,13245.65,0.52702773,6980.824852
1514733540,31-12-2017 15:19,BTC/USD,13221.28,13246.36,13179.54,13230.34,5.80653129,76822.38319
1514733480,31-12-2017 15:18,BTC/USD,13265.03,13295.91,13211.59,13221.22,0.85050837,11244.75827
1514733420,31-12-2017 15:17,BTC/USD,13270.58,13320.56,13260.92,13319.28,5.97675106,79606.02086
1514733360,31-12-2017 15:16,BTC/USD,13315.04,13315.04,13207.86,13291.67,16.23720205,215819.5314
1514733300,31-12-2017 15:15,BTC/USD,13369.68,13369.68,13314.95,13315.04,1.97143986,26249.80059
1514733240,31-12-2017 15:14,BTC/USD,13376.77,13376.78,13321.72,13369.99,0.76347326,10207.62985
1514733180,31-12-2017 15:13,BTC/USD,13378.12,13390.89,13376.69,13376.79,1.88877684,25265.77115
1514733120,31-12-2017 15:12,BTC/USD,13370.44,13384.18,13320.99,13368.96,3.49431071,46715.30011
1514733060,31-12-2017 15:11,BTC/USD,13333.9,13378.2,13320,13370.43,4.19530562,56093.04012
1514733000,31-12-2017 15:10,BTC/USD,13383.16,13383.17,13333.85,13333.9,0.61437183,8191.972544
1514732940,31-12-2017 15:09,BTC/USD,13412.06,13412.07,13333.5,13333.75,3.70026864,49338.45698
1514732880,31-12-2017 15:08,BTC/USD,13411.36,13425.82,13333,13333.11,16.2289535,216382.4222
1514732820,31-12-2017 15:07,BTC/USD,13370,13420,13362.63,13396.01,6.03859297,80893.05181
1514732760,31-12-2017 15:06,BTC/USD,13358.98,13360,13325.61,13360,12.59741281,168301.4351
1514732700,31-12-2017 15:05,BTC/USD,13331.51,13360,13317.69,13326.32,3.27665676,43665.77651
1514732640,31-12-2017 15:04,BTC/USD,13360,13379.89,13326.91,13331.5,9.60216869,128011.3119
1514732580,31-12-2017 15:03,BTC/USD,13358.36,13385,13317.64,13360,18.89856088,252484.7734
1514732520,31-12-2017 15:02,BTC/USD,13340.88,13360,13315.79,13358.36,13.42215405,179297.9658
1514732460,31-12-2017 15:01,BTC/USD,13362.76,13377.92,13333.57,13340.88,13.3102998,177571.1124
1514732400,31-12-2017 15:00,BTC/USD,13375,13377.91,13340.9,13375,4.23019784,56578.89611
1514732340,31-12-2017 14:59,BTC/USD,13340.18,13375,13340.18,13375,1.1666197,15603.53849
1514732280,31-12-2017 14:58,BTC/USD,13354.21,13375,13340,13375,1.39106453,18605.48809
1514732220,31-12-2017 14:57,BTC/USD,13376.53,13378.65,13333.33,13374.99,1.57583492,21076.7763
1514732160,31-12-2017 14:56,BTC/USD,13309,13368.5,13309,13368.5,0.3323443,4442.944775
1514732100,31-12-2017 14:55,BTC/USD,13310.09,13310.09,13301,13301.02,6.33302067,84235.63459
1514732040,31-12-2017 14:54,BTC/USD,13343.72,13350,13301.02,13310.09,8.64204289,115026.3686
1514731980,31-12-2017 14:53,BTC/USD,13396.11,13396.11,13316.85,13317.12,19.49459919,259611.9168
1514731920,31-12-2017 14:52,BTC/USD,13385,13408,13385,13385,9.98493018,133648.2905
1514731860,31-12-2017 14:51,BTC/USD,13400,13405,13380,13399,0.77000638,10317.31549
1514731800,31-12-2017 14:50,BTC/USD,13412.3,13412.3,13380,13409,3.81586191,51166.89235
1514731740,31-12-2017 14:49,BTC/USD,13425,13425,13385.01,13410.7,3.23071775,43326.18653
1514731680,31-12-2017 14:48,BTC/USD,13429.21,13429.25,13389.15,13429.22,11.14678088,149692.5727
1514731620,31-12-2017 14:47,BTC/USD,13370.84,13429.22,13370.84,13428.19,0.47019294,6313.840135
1514731560,31-12-2017 14:46,BTC/USD,13420,13429.25,13370.75,13429.24,12.38809998,166362.7678
1514731500,31-12-2017 14:45,BTC/USD,13400,13420,13399.63,13420,12.61850621,169340.3533
1514731440,31-12-2017 14:44,BTC/USD,13360.02,13400,13360,13400,53.37834567,715269.832
1514731380,31-12-2017 14:43,BTC/USD,13359.52,13385.96,13339.29,13384,33.57342178,449346.6771
1514731320,31-12-2017 14:42,BTC/USD,13309.23,13361.64,13309.23,13359.53,2.89391726,38661.37445
1514731260,31-12-2017 14:41,BTC/USD,13348.99,13361.79,13308.9,13309.24,15.64682889,208247.4009
1514731200,31-12-2017 14:40,BTC/USD,13284,13350,13253.52,13350,21.4851066,286826.1731
1514731140,31-12-2017 14:39,BTC/USD,13275.04,13285,13275.04,13285,12.16269868,161581.452
1514731080,31-12-2017 14:38,BTC/USD,13284.07,13298.25,13250.66,13275.04,3.66070709,48596.03305
1514731020,31-12-2017 14:37,BTC/USD,13318.88,13318.88,13258.51,13291.72,4.30255074,57188.29972
1514730960,31-12-2017 14:36,BTC/USD,13329.02,13349.97,13265.36,13318.89,15.74918478,209761.6597
1514730900,31-12-2017 14:35,BTC/USD,13296.22,13329.03,13264.63,13329.02,19.4487898,259233.3082
1514730840,31-12-2017 14:34,BTC/USD,13329.03,13329.03,13272.9,13272.92,9.18507904,121912.8193
1514730780,31-12-2017 14:33,BTC/USD,13295.79,13329.03,13279.39,13294.08,24.91641639,331240.8328
1514730720,31-12-2017 14:32,BTC/USD,13249.49,13295.79,13249.49,13295.79,18.7905903,249835.7426
1514730660,31-12-2017 14:31,BTC/USD,13249.04,13270,13240.18,13249.74,7.14523492,94672.50493
1514730600,31-12-2017 14:30,BTC/USD,13229.67,13267.57,13218.6,13249.04,1.36142861,18037.62211
1514730540,31-12-2017 14:29,BTC/USD,13202.54,13223.05,13178.85,13223.05,1.39022969,18383.0767
1514730480,31-12-2017 14:28,BTC/USD,13202.63,13202.64,13191.5,13202.54,3.3984349,44867.9727
1514730420,31-12-2017 14:27,BTC/USD,13192.79,13205.97,13166,13205.97,3.90860112,51616.86913
1514730360,31-12-2017 14:26,BTC/USD,13178.64,13192.8,13160.66,13192.8,9.58962783,126514.042
1514730300,31-12-2017 14:25,BTC/USD,13178.86,13178.86,13156.64,13161.5,1.96904496,25915.58524
1514730240,31-12-2017 14:24,BTC/USD,13196.13,13217.02,13151.75,13165.95,3.30296906,43486.7255
1514730180,31-12-2017 14:23,BTC/USD,13216.97,13217.03,13216.97,13217.03,1.2110584,16006.5952
1514730120,31-12-2017 14:22,BTC/USD,13189.73,13218.64,13160.02,13218.64,3.33780641,44121.26132
1514730060,31-12-2017 14:21,BTC/USD,13164.31,13204.25,13157.11,13189.74,11.16348122,147243.4148
1514730000,31-12-2017 14:20,BTC/USD,13218.03,13218.08,13164.31,13176.57,3.37369366,44453.71067
1514729940,31-12-2017 14:19,BTC/USD,13218.08,13218.08,13179.71,13203.62,10.4531366,138019.2435
1514729880,31-12-2017 14:18,BTC/USD,13200.04,13247.11,13179.71,13218.08,32.37102483,427882.7959
1514729820,31-12-2017 14:17,BTC/USD,13219.53,13219.53,13152.86,13199.95,10.6426,140481.7879
1514729760,31-12-2017 14:16,BTC/USD,13215.05,13233.53,13200,13219.53,8.83745263,116826.9702
1514729700,31-12-2017 14:15,BTC/USD,13269.8,13269.82,13218.95,13218.95,2.88259844,38104.92465
1514729640,31-12-2017 14:14,BTC/USD,13269.99,13270,13236.57,13270,0.80490415,10681.07807
1514729580,31-12-2017 14:13,BTC/USD,13269.96,13270,13263.3,13270,1.5476797,20537.70962
1514729520,31-12-2017 14:12,BTC/USD,13261.56,13270,13218.67,13269.97,7.20388893,95595.38998
1514729460,31-12-2017 14:11,BTC/USD,13263.02,13295.79,13261.56,13261.56,26.56588136,352305.0296
1514729400,31-12-2017 14:10,BTC/USD,13250,13263.02,13250,13263.02,17.17138298,227744.3959
1514729340,31-12-2017 14:09,BTC/USD,13230,13250,13199.99,13250,10.49802298,139098.8045
1514729280,31-12-2017 14:08,BTC/USD,13162,13244.49,13162,13199.99,18.51572124,244407.3352
1514729220,31-12-2017 14:07,BTC/USD,13117.8,13162,13117.8,13162,11.18173425,147173.9862
1514729160,31-12-2017 14:06,BTC/USD,13101.13,13120,13101.12,13117.8,3.67661043,48229.0403
1514729100,31-12-2017 14:05,BTC/USD,13119.99,13120,13094.21,13120,1.21613776,15955.72741
1514729040,31-12-2017 14:04,BTC/USD,13130,13151.93,13100,13111.36,3.35217674,43951.59602
1514728980,31-12-2017 14:03,BTC/USD,13140,13140,13130,13130,1.71401391,22505.00264
1514728920,31-12-2017 14:02,BTC/USD,13124,13151.99,13124,13151.6,1.68758982,22194.50628
1514728860,31-12-2017 14:01,BTC/USD,13095.4,13124,13095.4,13124,1.28778242,16900.85648
1514728800,31-12-2017 14:00,BTC/USD,13061.36,13100,13061.36,13100,1.18351968,15504.10781
1514728740,31-12-2017 13:59,BTC/USD,13074.33,13098,13046.51,13060.06,3.1609589,41282.31289
1514728680,31-12-2017 13:58,BTC/USD,13063,13081.8,13006.23,13074.36,5.13171804,67093.92907
1514728620,31-12-2017 13:57,BTC/USD,13079.97,13081.82,13063,13063,2.10732394,27527.97263
1514728560,31-12-2017 13:56,BTC/USD,13081.82,13082.25,13061.55,13081.82,1.73180584,22655.17227
1514728500,31-12-2017 13:55,BTC/USD,13102.37,13102.37,13036.67,13036.67,1.92325493,25072.83985
1514728440,31-12-2017 13:54,BTC/USD,13116.2,13116.25,13051.3,13102.37,4.24848947,55665.28098
1514728380,31-12-2017 13:53,BTC/USD,13143.04,13143.04,13081.28,13093.17,3.67432347,48108.54183
1514728320,31-12-2017 13:52,BTC/USD,13170.6,13182.29,13143.03,13143.03,7.22537644,94963.33931
1514728260,31-12-2017 13:51,BTC/USD,13157.57,13182.35,13120.41,13170.67,7.01443847,92384.85432
1514728200,31-12-2017 13:50,BTC/USD,13150.02,13187,13150.02,13157.57,8.13158323,106991.8756
1514728140,31-12-2017 13:49,BTC/USD,13151.08,13187,13150.01,13186.99,9.54571588,125879.2599
1514728080,31-12-2017 13:48,BTC/USD,13150.01,13186.97,13150,13150.01,2.42330817,31866.52667
1514728020,31-12-2017 13:47,BTC/USD,13138,13184.07,13133.47,13150,13.44193255,176761.413
1514727960,31-12-2017 13:46,BTC/USD,13131.76,13138,13131.76,13138,1.76756181,23222.22706
1514727900,31-12-2017 13:45,BTC/USD,13131.77,13131.77,13102.89,13102.91,0.96021521,12581.61348
1514727840,31-12-2017 13:44,BTC/USD,13131.97,13131.98,13093.6,13131.78,0.85684731,11251.93037
1514727780,31-12-2017 13:43,BTC/USD,13129.98,13132,13100.21,13131.98,3.967432,52100.23768
1514727720,31-12-2017 13:42,BTC/USD,13129.89,13129.98,13077.96,13100.22,6.22375292,81532.53248
1514727660,31-12-2017 13:41,BTC/USD,13099.95,13129.96,13063.22,13129.91,8.80404787,115596.3562
1514727600,31-12-2017 13:40,BTC/USD,13095.18,13100,13062.25,13099.96,8.23618465,107893.6895
1514727540,31-12-2017 13:39,BTC/USD,13062.58,13100.5,13062.55,13095.17,3.07086869,40213.54754
1514727480,31-12-2017 13:38,BTC/USD,13090,13095.16,13055.3,13063.74,5.73723025,74949.68431
1514727420,31-12-2017 13:37,BTC/USD,13052.06,13095.2,13040.29,13095.05,6.77246256,88685.73585
1514727360,31-12-2017 13:36,BTC/USD,13077.5,13077.51,13052.1,13077.51,1.54513293,20206.49134
1514727300,31-12-2017 13:35,BTC/USD,13077.5,13077.51,13064.66,13077.51,1.5469175,20229.82908
1514727240,31-12-2017 13:34,BTC/USD,13085.31,13100.5,13064.66,13064.66,4.27836415,55895.37298
1514727180,31-12-2017 13:33,BTC/USD,13065.13,13100.47,13064.67,13085.31,1.49268169,19532.20264
1514727120,31-12-2017 13:32,BTC/USD,13055.51,13100.5,13055.51,13100.48,1.34258908,17588.56139
1514727060,31-12-2017 13:31,BTC/USD,13066.37,13100,13051.97,13094.75,0.63482809,8312.915132
1514727000,31-12-2017 13:30,BTC/USD,13089.3,13128.19,13040.29,13063.88,4.59068679,59972.18134
1514726940,31-12-2017 13:29,BTC/USD,13083.24,13125.31,13070,13089.29,2.07732852,27190.75542
1514726880,31-12-2017 13:28,BTC/USD,13058.55,13094.27,13038.13,13083.42,0.34213654,4476.31605
1514726820,31-12-2017 13:27,BTC/USD,13038.51,13066.78,12980.97,13066.78,2.84872982,37223.72584
1514726760,31-12-2017 13:26,BTC/USD,13008.26,13035.41,12967.92,12979.7,11.07826334,143792.5347
1514726700,31-12-2017 13:25,BTC/USD,13018.56,13027.41,12968.42,13020.27,37.63485775,490016.0093
1514726640,31-12-2017 13:24,BTC/USD,13075,13094.78,13041,13041.06,27.1976701,354686.4476
1514726580,31-12-2017 13:23,BTC/USD,13110.22,13127.63,13075,13075,22.96028291,300205.699
1514726520,31-12-2017 13:22,BTC/USD,13107.33,13125.46,13075,13075,7.44383592,97328.15465
1514726460,31-12-2017 13:21,BTC/USD,13125.31,13125.31,13075.19,13107.49,10.2859756,134823.3223
1514726400,31-12-2017 13:20,BTC/USD,13144,13156,13112.07,13125.31,13.91270315,182608.5418
1514726340,31-12-2017 13:19,BTC/USD,13154.45,13182.8,13144,13144,5.63938492,74124.07539
1514726280,31-12-2017 13:18,BTC/USD,13082.06,13154.44,13081,13144,4.22972859,55595.55259
1514726220,31-12-2017 13:17,BTC/USD,13090.28,13120.92,13090.28,13120.92,3.17210401,41620.92295
1514726160,31-12-2017 13:16,BTC/USD,13040.54,13090.25,13040.22,13045.18,8.32069473,108544.9605
1514726100,31-12-2017 13:15,BTC/USD,13065.48,13097.59,13025.97,13055.18,10.81889451,141242.6152
1514726040,31-12-2017 13:14,BTC/USD,13037.13,13065.64,13004.92,13025.99,13.99872537,182347.2567
1514725980,31-12-2017 13:13,BTC/USD,13035,13045.49,13004.63,13037.14,2.19707171,28643.53147
1514725920,31-12-2017 13:12,BTC/USD,13037.75,13037.75,13024.22,13034.99,1.32000257,17206.2203
1514725860,31-12-2017 13:11,BTC/USD,13036,13037.95,13000.46,13037.95,3.63331557,47370.98674
1514725800,31-12-2017 13:10,BTC/USD,13000.52,13037.74,13000.52,13006.62,1.4687444,19103.40029
1514725740,31-12-2017 13:09,BTC/USD,13042.31,13042.31,13000.34,13016.1,25.8399766,336335.7194
1514725680,31-12-2017 13:08,BTC/USD,13108.01,13108.03,13040.03,13040.03,10.80904976,140950.3331
1514725620,31-12-2017 13:07,BTC/USD,13118.65,13138.86,13079.38,13081.93,6.46331038,84552.57396
1514725560,31-12-2017 13:06,BTC/USD,13139.84,13139.84,13108.1,13110,10.52997802,138048.0118
1514725500,31-12-2017 13:05,BTC/USD,13152,13160,13122.18,13150.44,4.21384028,55413.85377
1514725440,31-12-2017 13:04,BTC/USD,13123.49,13152,13120.35,13152,3.05427315,40169.80047
1514725380,31-12-2017 13:03,BTC/USD,13101.11,13152,13101.11,13150,7.16871676,94268.62539
1514725320,31-12-2017 13:02,BTC/USD,13132.69,13152,13101.47,13114.55,6.07274549,79641.32437
1514725260,31-12-2017 13:01,BTC/USD,13100,13159.44,13100,13159.41,12.96275533,170582.2121
1514725200,31-12-2017 13:00,BTC/USD,13100,13100,13099.35,13100,157.4778802,2062960.23
1514725140,31-12-2017 12:59,BTC/USD,13108.87,13108.87,13099.99,13100,6.59543808,86400.23885
1514725080,31-12-2017 12:58,BTC/USD,13107.65,13124.07,13050.2,13108.87,7.88014253,103299.764
1514725020,31-12-2017 12:57,BTC/USD,13119.99,13130.52,13073.04,13121.07,6.45395307,84682.77001
1514724960,31-12-2017 12:56,BTC/USD,13081.34,13130.87,13040.03,13080.6,11.34867485,148447.4762
1514724900,31-12-2017 12:55,BTC/USD,13100,13145.84,13080.12,13081.34,9.68820717,126734.732
1514724840,31-12-2017 12:54,BTC/USD,13100,13100,13080.11,13100,2.7513708,36042.95748
1514724780,31-12-2017 12:53,BTC/USD,13040.15,13100,13039.93,13100,7.13710744,93496.10746
1514724720,31-12-2017 12:52,BTC/USD,13188.5,13188.5,13039.93,13039.93,46.49352968,606272.3725
1514724660,31-12-2017 12:51,BTC/USD,13263.37,13263.37,13127.62,13218.93,26.03947722,344214.0266
1514724600,31-12-2017 12:50,BTC/USD,13298.98,13299.22,13244,13263.37,5.82469298,77255.05813
1514724540,31-12-2017 12:49,BTC/USD,13298.89,13299,13269.19,13269.19,4.45448859,59107.45545
1514724480,31-12-2017 12:48,BTC/USD,13286.69,13300,13250.84,13300,15.17093173,201773.392
1514724420,31-12-2017 12:47,BTC/USD,13331.01,13331.01,13286.69,13286.69,14.68534019,195119.5626
1514724360,31-12-2017 12:46,BTC/USD,13346.88,13359,13334,13334,12.67355564,168989.1909
1514724300,31-12-2017 12:45,BTC/USD,13349,13355.01,13345.81,13355.01,5.64227449,75352.63224
1514724240,31-12-2017 12:44,BTC/USD,13331,13349,13330.99,13349,12.3876051,165362.1405
1514724180,31-12-2017 12:43,BTC/USD,13300,13331,13295.24,13331,28.06713453,374162.9704
1514724120,31-12-2017 12:42,BTC/USD,13317.5,13328,13295,13300,6.45766767,85886.98001
1514724060,31-12-2017 12:41,BTC/USD,13310.01,13328.98,13298,13317.5,7.23397145,96338.41479
1514724000,31-12-2017 12:40,BTC/USD,13328,13329.02,13298,13320.97,14.16433543,188682.6873
1514723940,31-12-2017 12:39,BTC/USD,13308.05,13328,13303.57,13328,5.51884342,73555.1451
1514723880,31-12-2017 12:38,BTC/USD,13314.18,13329.03,13303.62,13308,9.67541478,128760.4199
1514723820,31-12-2017 12:37,BTC/USD,13298,13314.18,13297.97,13314.18,2.01729696,26858.65484
1514723760,31-12-2017 12:36,BTC/USD,13299.99,13309.99,13274.04,13298,5.01308528,66664.00805
1514723700,31-12-2017 12:35,BTC/USD,13299.97,13300,13270,13299.99,4.59233884,61078.06065
1514723640,31-12-2017 12:34,BTC/USD,13270.01,13327.19,13270,13300,8.28414547,110179.1348
1514723580,31-12-2017 12:33,BTC/USD,13269.55,13329.01,13240.11,13270.02,17.27749982,229272.7682
1514723520,31-12-2017 12:32,BTC/USD,13279.64,13327.8,13265,13279.63,32.12234495,426572.8557
1514723460,31-12-2017 12:31,BTC/USD,13273,13329.01,13273,13279.64,50.41716358,669521.7822
1514723400,31-12-2017 12:30,BTC/USD,13258.73,13270.01,13258.73,13270.01,14.50809251,192522.5327
1514723340,31-12-2017 12:29,BTC/USD,13230.6,13258.81,13217.94,13258.73,6.49973649,86178.25119
1514723280,31-12-2017 12:28,BTC/USD,13239,13262.63,13215.91,13232.41,27.28395019,361032.4153
1514723220,31-12-2017 12:27,BTC/USD,13169.48,13239,13145.97,13238.21,23.08999858,305670.2501
1514723160,31-12-2017 12:26,BTC/USD,13090.3,13175.35,13090.3,13169.48,8.92848935,117583.5619
1514723100,31-12-2017 12:25,BTC/USD,13052.45,13090.3,13039.94,13082.97,5.63910271,73776.21158
1514723040,31-12-2017 12:24,BTC/USD,13078,13090.26,13052.46,13090.26,1.71821078,22491.82585
1514722980,31-12-2017 12:23,BTC/USD,13038.46,13078.76,13023.71,13078.24,6.92645085,90585.78656
1514722920,31-12-2017 12:22,BTC/USD,13046.85,13089.68,13015.85,13079.3,105.922677,1385394.469
1514722860,31-12-2017 12:21,BTC/USD,13051.44,13090.29,13042.84,13090.29,5.14300994,67323.49159
1514722800,31-12-2017 12:20,BTC/USD,13100,13118.56,13038.08,13038.08,21.74806172,283552.9686
1514722740,31-12-2017 12:19,BTC/USD,13100,13147.74,13100,13100,19.82822197,259749.7078
1514722680,31-12-2017 12:18,BTC/USD,13102.67,13118.2,13100,13100,24.47671127,320644.9176
1514722620,31-12-2017 12:17,BTC/USD,13132.65,13147.49,13100,13147.49,4.10365043,53952.70299
1514722560,31-12-2017 12:16,BTC/USD,13100,13148.07,13100,13100,17.4612177,228741.9519
1514722500,31-12-2017 12:15,BTC/USD,13100.01,13140.52,13100,13100,6.01510941,78797.93327
1514722440,31-12-2017 12:14,BTC/USD,13076.85,13132.87,13076.85,13100,11.34002874,148554.3765
1514722380,31-12-2017 12:13,BTC/USD,13036.31,13076.93,13036.31,13076.93,0.373907,4889.555666
1514722320,31-12-2017 12:12,BTC/USD,13050.99,13078.98,13030.95,13076.9,2.05313645,26848.66004
1514722260,31-12-2017 12:11,BTC/USD,13066.12,13078.8,13031.28,13078.8,1.84912219,24184.2993
1514722200,31-12-2017 12:10,BTC/USD,13086.81,13086.82,13051,13051.38,0.78626439,10261.83533
1514722140,31-12-2017 12:09,BTC/USD,13088.01,13088.01,13051.36,13051.36,0.21703355,2832.582993
1514722080,31-12-2017 12:08,BTC/USD,13088.75,13089.67,13051.01,13089.67,2.58707855,33864.00448
1514722020,31-12-2017 12:07,BTC/USD,13050.02,13089.91,13050,13088.75,12.42902976,162680.4633
1514721960,31-12-2017 12:06,BTC/USD,13065.12,13089.12,13050.01,13089.06,1.78042318,23304.06583
1514721900,31-12-2017 12:05,BTC/USD,13033.55,13087.53,13033.55,13060,2.42182761,31629.06859
1514721840,31-12-2017 12:04,BTC/USD,13080,13080,13033.48,13033.48,42.91886243,559382.1351
1514721780,31-12-2017 12:03,BTC/USD,13077.88,13105.39,13050.93,13080,11.30314464,147845.1319
1514721720,31-12-2017 12:02,BTC/USD,13050.94,13078.65,13039.97,13078.65,29.28717491,383036.7101
1514721660,31-12-2017 12:01,BTC/USD,13010.32,13068.07,13000,13068.07,9.3959825,122787.357
1514721600,31-12-2017 12:00,BTC/USD,13100,13101.26,12938.39,12979.56,62.3840835,809717.9548
1514721540,31-12-2017 11:59,BTC/USD,13091.69,13122.26,13091.69,13100,14.95942249,195968.4346
1514721480,31-12-2017 11:58,BTC/USD,13099.97,13129.06,13065.87,13091.68,2.35631478,30848.11908
1514721420,31-12-2017 11:57,BTC/USD,13154.85,13160,13090.54,13099.96,64.37277913,843280.8317
1514721360,31-12-2017 11:56,BTC/USD,13154.95,13155.95,13150,13155.95,7.79621906,102566.6681
1514721300,31-12-2017 11:55,BTC/USD,13150.03,13154.95,13150.03,13154.95,1.32985076,17494.12026
1514721240,31-12-2017 11:54,BTC/USD,13150.02,13158.15,13150,13150.01,0.81527074,10720.81838
1514721180,31-12-2017 11:53,BTC/USD,13139.47,13162.94,13139.47,13150.02,34.98535185,460058.0765
1514721120,31-12-2017 11:52,BTC/USD,13175.33,13175.35,13129.82,13139.48,0.82836815,10884.32674
1514721060,31-12-2017 11:51,BTC/USD,13127,13175.35,13106.28,13175.33,5.95615917,78474.3626
1514721000,31-12-2017 11:50,BTC/USD,13127,13127,13095.31,13127,1.14046461,14970.87894
1514720940,31-12-2017 11:49,BTC/USD,13127,13127,13088.26,13127,3.73857687,49076.29857
1514720880,31-12-2017 11:48,BTC/USD,13100.04,13127,13091.68,13127,3.2351549,42467.87837
1514720820,31-12-2017 11:47,BTC/USD,13128.65,13128.65,13100,13118.01,2.57175972,33736.36972
1514720760,31-12-2017 11:46,BTC/USD,13175.32,13175.32,13129.32,13143.64,1.26054433,16568.14088
1514720700,31-12-2017 11:45,BTC/USD,13174,13175.35,13166.7,13175.35,1.22253742,16107.3584
1514720640,31-12-2017 11:44,BTC/USD,13128.26,13174,13128.26,13174,1.18079328,15555.77067
1514720580,31-12-2017 11:43,BTC/USD,13173.77,13173.77,13144.81,13169.95,1.33642968,17600.71206
1514720520,31-12-2017 11:42,BTC/USD,13140,13173.95,13140,13144.82,1.04945249,13794.86408
1514720460,31-12-2017 11:41,BTC/USD,13173.75,13173.75,13118.7,13144.81,0.66847423,8786.966743
1514720400,31-12-2017 11:40,BTC/USD,13153.83,13173.91,13101.11,13173.83,8.24898087,108670.6717
1514720340,31-12-2017 11:39,BTC/USD,13153.81,13154.4,13124.36,13153.83,3.70135446,48686.98734
1514720280,31-12-2017 11:38,BTC/USD,13047.35,13153.84,13047.34,13153.81,3.072321,40412.72669
1514720220,31-12-2017 11:37,BTC/USD,13099.98,13134.61,13041.93,13050.01,13.51745805,176402.9627
1514720160,31-12-2017 11:36,BTC/USD,13173.94,13175.34,13099.96,13100.02,3.29349803,43144.89006
1514720100,31-12-2017 11:35,BTC/USD,13176.68,13209.46,13134.69,13173.94,20.52727749,270425.122
1514720040,31-12-2017 11:34,BTC/USD,13107.12,13188.23,13061.42,13179.98,40.51403514,533974.1729
1514719980,31-12-2017 11:33,BTC/USD,13229.56,13229.56,13107.13,13107.13,37.63096653,493233.9703
1514719920,31-12-2017 11:32,BTC/USD,13167,13229.56,13163.65,13224.56,19.55936667,258664.0181
1514719860,31-12-2017 11:31,BTC/USD,13140,13167,13125.49,13167,64.79897969,853208.1656
1514719800,31-12-2017 11:30,BTC/USD,13139.89,13140,13122.19,13140,48.86185226,642044.7387
1514719740,31-12-2017 11:29,BTC/USD,13150,13160,13139.9,13139.9,4.29067996,56379.10561
1514719680,31-12-2017 11:28,BTC/USD,13115.53,13157.09,13115.53,13150,11.61294378,152710.2107
1514719620,31-12-2017 11:27,BTC/USD,13087.7,13115.53,13083.18,13115.53,1.20812086,15845.14538
1514719560,31-12-2017 11:26,BTC/USD,13104.36,13104.52,13083.16,13087.6,3.13560048,41037.48484
1514719500,31-12-2017 11:25,BTC/USD,13101.96,13104.36,13100,13104.36,2.8909287,37883.77042
1514719440,31-12-2017 11:24,BTC/USD,13110.98,13111,13050,13100,8.46762452,110925.8812
1514719380,31-12-2017 11:23,BTC/USD,13104.03,13111.97,13050,13111.85,20.59558732,270046.2516
1514719320,31-12-2017 11:22,BTC/USD,13099.61,13108.51,13054.01,13104.03,18.69725834,245009.4342
1514719260,31-12-2017 11:21,BTC/USD,13041.9,13099.61,13041.89,13099.61,13.83643412,181251.8908
1514719200,31-12-2017 11:20,BTC/USD,13006.72,13041.99,13005.89,13006.89,3.03776737,39511.90603
1514719140,31-12-2017 11:19,BTC/USD,13006,13042.97,13006,13042.37,0.67081556,8749.024735
1514719080,31-12-2017 11:18,BTC/USD,13005.65,13006,12983.7,13005,4.50730855,58617.54769
1514719020,31-12-2017 11:17,BTC/USD,12980,13007.86,12980,13005.82,0.67790986,8816.773615
1514718960,31-12-2017 11:16,BTC/USD,13011.22,13011.22,12980,12980,1.44267751,18725.95408
1514718900,31-12-2017 11:15,BTC/USD,12992.75,13023.29,12951.72,13011.4,11.91185024,154989.8482
1514718840,31-12-2017 11:14,BTC/USD,12991.93,13001.11,12991.73,13000.18,2.62501231,34125.63253
1514718780,31-12-2017 11:13,BTC/USD,12991.93,12995.44,12987.68,12991.92,3.52992537,45860.50801
1514718720,31-12-2017 11:12,BTC/USD,13033.8,13033.8,12987.97,12991.8,18.76958662,243850.7154
1514718660,31-12-2017 11:11,BTC/USD,13070,13070.03,13023.59,13028.76,7.0798247,92241.33686
1514718600,31-12-2017 11:10,BTC/USD,13099,13130.83,13070,13070,11.63396071,152055.8665
1514718540,31-12-2017 11:09,BTC/USD,13067.05,13098.09,13065.44,13098.09,15.43628368,202185.8329
1514718480,31-12-2017 11:08,BTC/USD,13065.41,13086.97,13060.64,13086.97,12.89136309,168708.882
1514718420,31-12-2017 11:07,BTC/USD,13052.42,13065.42,13052.42,13065.42,6.19886914,80990.82884
1514718360,31-12-2017 11:06,BTC/USD,13047.75,13065.42,13010.65,13052.43,1.3889311,18128.92596
1514718300,31-12-2017 11:05,BTC/USD,13065.42,13065.42,13030,13065.42,5.43195268,70970.74318
1514718240,31-12-2017 11:04,BTC/USD,13065.39,13065.42,13040.99,13065.42,4.88356558,63805.8354
1514718180,31-12-2017 11:03,BTC/USD,13032.84,13065.42,13032.03,13065.42,17.15018732,224074.4004
1514718120,31-12-2017 11:02,BTC/USD,13001.81,13032.84,13001.81,13032.84,2.48912464,32440.36317
1514718060,31-12-2017 11:01,BTC/USD,12996,13001.81,12995,13001.81,17.06693698,221901.0719
1514718000,31-12-2017 11:00,BTC/USD,12970,12996,12970,12996,1.88031144,24436.52747
1514717940,31-12-2017 10:59,BTC/USD,12950,12969.99,12941.92,12969.99,87.61825405,1136407.879
1514717880,31-12-2017 10:58,BTC/USD,12949.98,12950,12918.13,12950,16.45046042,213033.4624
1514717820,31-12-2017 10:57,BTC/USD,12925.52,12949.99,12909.35,12949.96,2.81713587,36481.79683
1514717760,31-12-2017 10:56,BTC/USD,12873.83,12941.91,12873.83,12925.53,10.76547325,139149.4475
1514717700,31-12-2017 10:55,BTC/USD,12923.3,12925.56,12873.82,12891.8,43.31322247,558385.4014
1514717640,31-12-2017 10:54,BTC/USD,12890.05,12924.31,12890.02,12890.15,0.75788806,9769.290777
1514717580,31-12-2017 10:53,BTC/USD,12924.77,12924.77,12890.02,12923.56,0.6711965,8674.24824
1514717520,31-12-2017 10:52,BTC/USD,12924.77,12936.04,12924.77,12936.04,0.0469344,607.1452758
1514717460,31-12-2017 10:51,BTC/USD,12889.01,12961.17,12889.01,12890.08,3.02251573,38960.46956
1514717400,31-12-2017 10:50,BTC/USD,12876.07,12919.56,12872.11,12889.01,10.34372211,133320.3377
1514717340,31-12-2017 10:49,BTC/USD,12924.53,12924.54,12873.78,12873.82,0.9091891,11704.73682
1514717280,31-12-2017 10:48,BTC/USD,12967.89,12967.92,12924.53,12924.53,28.88530381,373328.9757
1514717220,31-12-2017 10:47,BTC/USD,12967.92,12967.92,12932.26,12959.01,7.10829414,92116.45484
1514717160,31-12-2017 10:46,BTC/USD,12917.32,12967.92,12917.32,12967.92,19.49238648,252775.7085
1514717100,31-12-2017 10:45,BTC/USD,12922.04,12935.58,12901.4,12917.32,17.14980113,221529.4691
1514717040,31-12-2017 10:44,BTC/USD,12872.3,12924.79,12872.14,12924.79,2.71873202,35139.04042
1514716980,31-12-2017 10:43,BTC/USD,12860.43,12872.3,12810.49,12872.3,12.34159258,158864.6822
1514716920,31-12-2017 10:42,BTC/USD,12814.4,12860.47,12804.4,12810.54,54.96461411,704126.3876
1514716860,31-12-2017 10:41,BTC/USD,12871.6,12876.71,12809.04,12826.86,4.13967021,53098.97023
1514716800,31-12-2017 10:40,BTC/USD,12907.99,12907.99,12885.98,12897.1,32.49717011,419119.2526
1514716740,31-12-2017 10:39,BTC/USD,12914.9,12914.9,12900,12900,15.9089759,205225.7891
1514716680,31-12-2017 10:38,BTC/USD,12914.99,12914.99,12908.34,12914.9,0.2444278,3156.760594
1514716620,31-12-2017 10:37,BTC/USD,12915,12915,12905.01,12905.01,2.72919818,35220.3298
1514716560,31-12-2017 10:36,BTC/USD,12917.12,12917.12,12900,12900.01,23.61977203,304695.2954
1514716500,31-12-2017 10:35,BTC/USD,12869.81,12925,12869.81,12920,29.78359477,384804.0444
1514716440,31-12-2017 10:34,BTC/USD,12860,12862.75,12845,12862.75,1.64594654,21171.39886
1514716380,31-12-2017 10:33,BTC/USD,12850,12860.01,12840,12860.01,1.35196903,17386.33525
1514716320,31-12-2017 10:32,BTC/USD,12830,12850,12813.07,12850,13.01462219,167237.8951
1514716260,31-12-2017 10:31,BTC/USD,12805,12830,12779.41,12830,1.8871892,24212.63744
1514716200,31-12-2017 10:30,BTC/USD,12804.9,12805,12779.21,12792.69,0.16291879,2084.169576
1514716140,31-12-2017 10:29,BTC/USD,12792.11,12804.97,12791.95,12804.97,0.68990268,8834.18312
1514716080,31-12-2017 10:28,BTC/USD,12763.43,12792.13,12755.01,12792.13,0.5774189,7386.417633
1514716020,31-12-2017 10:27,BTC/USD,12793.24,12793.24,12755,12759.89,2.09730239,26761.34779
1514715960,31-12-2017 10:26,BTC/USD,12780.07,12805,12780.01,12780.01,21.46317868,274299.6382
1514715900,31-12-2017 10:25,BTC/USD,12803.93,12805,12775.56,12804.77,3.36699953,43113.65457
1514715840,31-12-2017 10:24,BTC/USD,12762.99,12805,12762.99,12803.95,5.79615601,74213.69174
1514715780,31-12-2017 10:23,BTC/USD,12804.51,12804.51,12751.94,12762.99,2.64117384,33709.27531
1514715720,31-12-2017 10:22,BTC/USD,12809.77,12809.77,12762.3,12804.54,2.49925457,32001.80511
1514715660,31-12-2017 10:21,BTC/USD,12809.84,12809.84,12809.76,12809.77,0.68467599,8770.541956
1514715600,31-12-2017 10:20,BTC/USD,12810,12810.06,12809.84,12809.84,0.94200519,12066.93576
1514715540,31-12-2017 10:19,BTC/USD,12753.16,12810.21,12753.15,12810.06,0.59274828,7593.141032
1514715480,31-12-2017 10:18,BTC/USD,12749.99,12780.25,12722.73,12780.23,8.17647592,104497.2428
1514715420,31-12-2017 10:17,BTC/USD,12749.83,12750,12726.74,12750,0.37396608,4768.06752
1514715360,31-12-2017 10:16,BTC/USD,12717.4,12750,12716.34,12749.83,1.02419165,13058.26942
1514715300,31-12-2017 10:15,BTC/USD,12754.52,12754.52,12717.37,12749.99,0.08277604,1055.393682
1514715240,31-12-2017 10:14,BTC/USD,12755.46,12755.46,12755.18,12755.18,0.21825652,2783.901199
1514715180,31-12-2017 10:13,BTC/USD,12754.56,12755,12701.2,12715.17,1.94525615,24734.26264
1514715120,31-12-2017 10:12,BTC/USD,12754.66,12754.66,12754.5,12754.5,0.32599065,4157.847745
1514715060,31-12-2017 10:11,BTC/USD,12745.03,12760,12712.31,12754.85,11.1639959,142395.0931
1514715000,31-12-2017 10:10,BTC/USD,12695.13,12745.04,12681.66,12745.04,4.85727458,61906.15881
1514714940,31-12-2017 10:09,BTC/USD,12695.14,12716.48,12692.78,12695.14,0.31148696,3954.370565
1514714880,31-12-2017 10:08,BTC/USD,12754.83,12754.86,12695.22,12695.4,0.50925504,6465.196435
1514714820,31-12-2017 10:07,BTC/USD,12769.95,12769.95,12705.12,12757.73,1.52672106,19477.49507
1514714760,31-12-2017 10:06,BTC/USD,12740.24,12770.25,12707.52,12769.86,2.85663121,36478.78062
1514714700,31-12-2017 10:05,BTC/USD,12725.86,12770.25,12725.86,12739.6,1.09686102,13973.57065
1514714640,31-12-2017 10:04,BTC/USD,12645.88,12724.53,12645.88,12724.53,3.55830589,45277.77005
1514714580,31-12-2017 10:03,BTC/USD,12645.88,12645.88,12645.88,12645.88,2.41988534,30601.57962
1514714520,31-12-2017 10:02,BTC/USD,12692.01,12695.86,12645.88,12645.88,2.96487704,37493.47926
1514714460,31-12-2017 10:01,BTC/USD,12600.97,12692.29,12600.97,12692.29,1.62924923,20678.90371
1514714400,31-12-2017 10:00,BTC/USD,12655.51,12655.51,12598.78,12645.88,3.10888681,39314.60953
1514714340,31-12-2017 09:59,BTC/USD,12671.62,12671.62,12645.9,12655.51,1.78803631,22628.5114
1514714280,31-12-2017 09:58,BTC/USD,12645.88,12671.62,12645.88,12671.62,5.71222412,72383.1334
1514714220,31-12-2017 09:57,BTC/USD,12686.99,12687,12655,12660,12.4463269,157570.4986
1514714160,31-12-2017 09:56,BTC/USD,12731.75,12731.77,12675.86,12687,1.78612446,22660.56102
1514714100,31-12-2017 09:55,BTC/USD,12732.35,12732.35,12676.63,12676.63,0.1704207,2160.360158
1514714040,31-12-2017 09:54,BTC/USD,12725,12732.86,12675.64,12732.86,2.99305227,38110.11553
1514713980,31-12-2017 09:53,BTC/USD,12793.89,12793.9,12720.26,12720.26,2.49942166,31793.29336
1514713920,31-12-2017 09:52,BTC/USD,12823.45,12830,12793.37,12793.9,6.51779782,83388.05353
1514713860,31-12-2017 09:51,BTC/USD,12800,12823.46,12800,12823.46,8.01526269,102783.4005
1514713800,31-12-2017 09:50,BTC/USD,12799.61,12800,12799.61,12800,16.97633295,217297.0618
1514713740,31-12-2017 09:49,BTC/USD,12787.99,12799.64,12780,12799.64,0.93989898,12030.36858
1514713680,31-12-2017 09:48,BTC/USD,12788.53,12788.53,12787.99,12787.99,0.46457782,5941.016516
1514713620,31-12-2017 09:47,BTC/USD,12787.86,12789,12738.14,12788.57,1.69882894,21725.59282
1514713560,31-12-2017 09:46,BTC/USD,12725.17,12787.92,12725.17,12755.01,0.9843367,12555.22445
1514713500,31-12-2017 09:45,BTC/USD,12754.99,12770.91,12720,12730.07,1.89912004,24175.93105
1514713440,31-12-2017 09:44,BTC/USD,12752.32,12771,12696.02,12720.04,2.90392912,36938.09456
1514713380,31-12-2017 09:43,BTC/USD,12702.74,12771.49,12697.67,12703.27,2.96117955,37616.66334
1514713320,31-12-2017 09:42,BTC/USD,12724.75,12771.55,12695.38,12695.38,3.52972803,44811.23864
1514713260,31-12-2017 09:41,BTC/USD,12687.06,12724.75,12669.83,12724.75,6.14650456,78212.7339
1514713200,31-12-2017 09:40,BTC/USD,12721.98,12722,12678.25,12678.39,1.02515114,12997.26596
1514713140,31-12-2017 09:39,BTC/USD,12721.9,12722,12677.47,12722,0.90419257,11503.13788
1514713080,31-12-2017 09:38,BTC/USD,12694.74,12723.87,12670.98,12694.75,2.72462699,34588.45848
1514713020,31-12-2017 09:37,BTC/USD,12694.74,12694.74,12694.74,12694.74,0.99272175,12602.34451
1514712960,31-12-2017 09:36,BTC/USD,12682.15,12705.23,12665,12705.23,3.12439209,39696.12011
1514712900,31-12-2017 09:35,BTC/USD,12721.36,12721.36,12675,12675,1.73090195,21939.18222
1514712840,31-12-2017 09:34,BTC/USD,12732.15,12738.66,12712.1,12721.37,0.91129524,11592.92393
1514712780,31-12-2017 09:33,BTC/USD,12799.97,12799.97,12672.64,12732.15,0.53201953,6773.752459
1514712720,31-12-2017 09:32,BTC/USD,12799.99,12800,12742.14,12800,4.40344797,56364.13402
1514712660,31-12-2017 09:31,BTC/USD,12794.73,12800,12794.73,12800,7.08293755,90661.60064
1514712600,31-12-2017 09:30,BTC/USD,12753.85,12794.73,12753.85,12794.73,1.62164763,20748.54358
1514712540,31-12-2017 09:29,BTC/USD,12687.93,12763.03,12687.93,12753.86,0.85560317,10912.24305
1514712480,31-12-2017 09:28,BTC/USD,12728.82,12755.56,12728.78,12755.56,0.43986345,5610.704628
1514712420,31-12-2017 09:27,BTC/USD,12692.99,12738.9,12671.63,12728.83,15.67945248,199581.0851
1514712360,31-12-2017 09:26,BTC/USD,12722.62,12761.57,12684.7,12684.7,10.42584752,132248.748
1514712300,31-12-2017 09:25,BTC/USD,12789.97,12800,12722.27,12724.21,6.82113529,86793.55787
1514712240,31-12-2017 09:24,BTC/USD,12789.97,12799.95,12789.95,12789.97,11.11525767,142163.8121
1514712180,31-12-2017 09:23,BTC/USD,12787.84,12789.06,12744.82,12744.82,1.28667211,16398.40444
1514712120,31-12-2017 09:22,BTC/USD,12770,12788.05,12750.86,12788.05,1.41745419,18126.47505
1514712060,31-12-2017 09:21,BTC/USD,12755.58,12770,12744.51,12770,1.48615525,18978.20254
1514712000,31-12-2017 09:20,BTC/USD,12663.28,12755.58,12663.28,12755.58,11.78815726,150364.783
1514711940,31-12-2017 09:19,BTC/USD,12713.15,12713.15,12650.22,12709.15,0.31252922,3971.980736
1514711880,31-12-2017 09:18,BTC/USD,12670.01,12715.05,12661.47,12713.17,3.08502042,39220.38905
1514711820,31-12-2017 09:17,BTC/USD,12655,12699.61,12632.2,12699.61,3.64475512,46286.96857
1514711760,31-12-2017 09:16,BTC/USD,12679.87,12708.72,12635,12655.01,3.24024937,41005.38818
1514711700,31-12-2017 09:15,BTC/USD,12716.86,12749.37,12679.9,12679.9,2.3774673,30146.04762
1514711640,31-12-2017 09:14,BTC/USD,12712.03,12749.47,12707.63,12749.47,1.97316959,25156.86649
1514711580,31-12-2017 09:13,BTC/USD,12715,12750,12711.95,12750,2.60406761,33201.86203
1514711520,31-12-2017 09:12,BTC/USD,12749.79,12749.79,12695.69,12695.69,0.94816699,12037.63417
1514711460,31-12-2017 09:11,BTC/USD,12764.98,12764.98,12695.03,12749.91,3.61209266,46053.85633
1514711400,31-12-2017 09:10,BTC/USD,12685.05,12761.04,12675.19,12761.04,7.50351578,95752.66501
1514711340,31-12-2017 09:09,BTC/USD,12585.14,12685,12567.01,12685,28.15897526,357196.6012
1514711280,31-12-2017 09:08,BTC/USD,12631.57,12631.61,12585.13,12600,38.86226825,489664.58
1514711220,31-12-2017 09:07,BTC/USD,12645.93,12646.53,12600,12631.78,33.20125243,419390.9164
1514711160,31-12-2017 09:06,BTC/USD,12709.18,12722.06,12647,12647,17.08497954,216073.7362
1514711100,31-12-2017 09:05,BTC/USD,12747.21,12747.21,12709.18,12709.18,3.39373508,43131.59
1514711040,31-12-2017 09:04,BTC/USD,12763.22,12808.63,12733.82,12747.21,3.64485076,46461.67806
1514710980,31-12-2017 09:03,BTC/USD,12760,12809.53,12741.98,12763.22,2.86173949,36525.01069
1514710920,31-12-2017 09:02,BTC/USD,12780,12843.26,12760.07,12785.54,4.73672286,60561.5596
1514710860,31-12-2017 09:01,BTC/USD,12806.27,12827.3,12761.48,12790,3.62315158,46340.10871
1514710800,31-12-2017 09:00,BTC/USD,12713.43,12802.56,12713.43,12802.54,5.424852,69451.88472
1514710740,31-12-2017 08:59,BTC/USD,12716.32,12779.63,12670,12713.42,13.19482831,167751.3941
1514710680,31-12-2017 08:58,BTC/USD,12732.68,12732.69,12648.48,12686.62,45.74409285,580337.9232
1514710620,31-12-2017 08:57,BTC/USD,12720,12764.54,12679.76,12724.69,103.4533829,1316412.227
1514710560,31-12-2017 08:56,BTC/USD,12747.98,12749.63,12723.42,12723.42,20.49296177,260740.5596
1514710500,31-12-2017 08:55,BTC/USD,12812.05,12825.64,12738.39,12740,4.41037256,56188.14641
1514710440,31-12-2017 08:54,BTC/USD,12902.98,12902.98,12812.04,12812.07,11.68679865,149732.0824
1514710380,31-12-2017 08:53,BTC/USD,12913,12950.37,12852.46,12852.46,4.38632899,56375.11789
1514710320,31-12-2017 08:52,BTC/USD,12943.56,12973.14,12913,12913,3.86937396,49965.22595
1514710260,31-12-2017 08:51,BTC/USD,12996.97,12997,12941.52,12995.27,7.73591927,100530.3596
1514710200,31-12-2017 08:50,BTC/USD,12997,12997,12983.16,12996.97,0.83481601,10850.07864
1514710140,31-12-2017 08:49,BTC/USD,12980,12999,12949.75,12998.91,2.88854702,37547.96274
1514710080,31-12-2017 08:48,BTC/USD,12946,12980,12945.99,12980,14.59769394,189478.0673
1514710020,31-12-2017 08:47,BTC/USD,12947.89,12957.15,12891.9,12946,9.91684773,128383.5107
1514709960,31-12-2017 08:46,BTC/USD,12897.8,12949,12875.12,12947.89,13.84113147,179213.4477
1514709900,31-12-2017 08:45,BTC/USD,12760.11,12920.29,12760.11,12920.29,17.68708374,228522.2512
1514709840,31-12-2017 08:44,BTC/USD,12770.44,12819.98,12760.11,12760.11,8.96728346,114423.5234
1514709780,31-12-2017 08:43,BTC/USD,12834.61,12834.64,12770.01,12780.01,7.46669353,95424.41798
1514709720,31-12-2017 08:42,BTC/USD,12840.36,12850,12834.64,12834.64,0.90353316,11596.52284
1514709660,31-12-2017 08:41,BTC/USD,12869.92,12869.92,12850,12850,0.24030184,3087.878644
1514709600,31-12-2017 08:40,BTC/USD,12870,12870,12840.51,12840.51,1.27568175,16380.40427
1514709540,31-12-2017 08:39,BTC/USD,12870,12870,12869.99,12869.99,0.3876972,4989.659087
1514709480,31-12-2017 08:38,BTC/USD,12880.35,12880.35,12850.98,12870,0.09387744,1208.202653
1514709420,31-12-2017 08:37,BTC/USD,12889.99,12889.99,12889.98,12889.98,0.30488491,3929.960392
1514709360,31-12-2017 08:36,BTC/USD,12888.15,12889.99,12888.15,12889.98,2.35504323,30356.46013
1514709300,31-12-2017 08:35,BTC/USD,12890,12890,12888.15,12888.15,0.83011541,10698.65192
1514709240,31-12-2017 08:34,BTC/USD,12930,12937.26,12889.99,12889.99,2.80525214,36159.67203
1514709180,31-12-2017 08:33,BTC/USD,12890,12929.99,12889.99,12929.8,15.89721184,205547.7696
1514709120,31-12-2017 08:32,BTC/USD,12850.49,12890,12850.49,12890,11.12613876,143415.9286
1514709060,31-12-2017 08:31,BTC/USD,12889.9,12890,12850,12890,1.83188642,23613.01595
1514709000,31-12-2017 08:30,BTC/USD,12845,12894.55,12833.6,12890,17.85334599,230129.6298
1514708940,31-12-2017 08:29,BTC/USD,12830.01,12845,12830.01,12833.6,0.43604022,5595.965767
1514708880,31-12-2017 08:28,BTC/USD,12845,12845,12836,12845,0.68784284,8835.34128
1514708820,31-12-2017 08:27,BTC/USD,12845,12845,12836,12845,4.79316864,61568.25118
1514708760,31-12-2017 08:26,BTC/USD,12830.79,12845,12830,12844.96,1.78581169,22938.67973
1514708700,31-12-2017 08:25,BTC/USD,12846.65,12847.01,12830,12830,1.5350322,19694.46313
1514708640,31-12-2017 08:24,BTC/USD,12728.61,12847.01,12728.61,12837,22.77475733,292359.5598
1514708580,31-12-2017 08:23,BTC/USD,12777.04,12788.07,12728.51,12785,42.97917554,549488.7593
1514708520,31-12-2017 08:22,BTC/USD,12843.89,12843.89,12777.04,12777.04,13.61778448,173994.977
1514708460,31-12-2017 08:21,BTC/USD,12839.05,12844,12839.05,12843.9,12.20797309,156797.9856
1514708400,31-12-2017 08:20,BTC/USD,12844,12844,12839.05,12839.05,0.29809871,3827.304243
1514708340,31-12-2017 08:19,BTC/USD,12904.92,12904.92,12839.05,12844,5.82159014,74772.50376
1514708280,31-12-2017 08:18,BTC/USD,12880.96,12919.7,12839.65,12844.04,2.82571528,36293.60008
1514708220,31-12-2017 08:17,BTC/USD,12959.14,12959.14,12910,12910,5.24654181,67732.85477
1514708160,31-12-2017 08:16,BTC/USD,12959.19,12959.41,12920,12959.41,6.32343802,81948.02591
1514708100,31-12-2017 08:15,BTC/USD,12959.31,12959.46,12920,12959.38,20.07512124,260161.1247
1514708040,31-12-2017 08:14,BTC/USD,12944.97,12959.46,12906.55,12959.46,0.39629362,5135.751317
1514707980,31-12-2017 08:13,BTC/USD,12947.34,12947.35,12944.97,12945,0.74979874,9706.144689
1514707920,31-12-2017 08:12,BTC/USD,12929.47,12947.35,12929.46,12947.32,2.8906954,37426.75837
1514707860,31-12-2017 08:11,BTC/USD,12962.75,12962.75,12947.63,12947.69,0.67845337,8784.403914
1514707800,31-12-2017 08:10,BTC/USD,12929.46,12979.5,12929.46,12979,0.83394062,10823.71531
1514707740,31-12-2017 08:09,BTC/USD,12963.43,12979.5,12880.02,12979.46,9.0216642,117096.3296
1514707680,31-12-2017 08:08,BTC/USD,12967.35,12992.22,12939.08,12963.43,13.3145252,172601.9154
1514707620,31-12-2017 08:07,BTC/USD,12977.36,13010.23,12967.02,12993.79,1.90047571,24694.38228
1514707560,31-12-2017 08:06,BTC/USD,13010.54,13010.54,12976.35,13010.43,1.02020787,13273.34308
1514707500,31-12-2017 08:05,BTC/USD,13040.85,13040.85,12976.02,13025.11,0.91182131,11876.57286
1514707440,31-12-2017 08:04,BTC/USD,13060.66,13060.67,13017.22,13041.69,24.86634843,324299.2077
1514707380,31-12-2017 08:03,BTC/USD,13098.98,13120.13,13060.11,13060.66,1.60626359,20978.86262
1514707320,31-12-2017 08:02,BTC/USD,13130.81,13130.83,13098.09,13098.09,2.40323052,31477.72964
1514707260,31-12-2017 08:01,BTC/USD,13107,13130.83,13099,13123,3.25576734,42725.4348
1514707200,31-12-2017 08:00,BTC/USD,13037.74,13107,13037.74,13107,36.29124078,475669.2929
1514707140,31-12-2017 07:59,BTC/USD,13048.87,13087.88,13032.92,13087.76,2.87913666,37681.44961
1514707080,31-12-2017 07:58,BTC/USD,13032.92,13058.84,12982.65,13048.9,2.19951515,28701.25324
1514707020,31-12-2017 07:57,BTC/USD,13027.94,13032.53,13027.94,13032.53,0.08251682,1075.402932
1514706960,31-12-2017 07:56,BTC/USD,13044.06,13044.06,12977.78,13027.94,1.25130246,16301.89337
1514706900,31-12-2017 07:55,BTC/USD,13031.83,13044.38,12975.99,13044.09,0.82588908,10772.97149
1514706840,31-12-2017 07:54,BTC/USD,13020.3,13044.5,12973.3,12973.3,0.32118415,4166.818333
1514706780,31-12-2017 07:53,BTC/USD,13020.23,13020.3,13019.38,13020.3,1.04453312,13600.13458
1514706720,31-12-2017 07:52,BTC/USD,12966.87,13044.16,12966.86,13020.3,1.67676242,21831.94974
1514706660,31-12-2017 07:51,BTC/USD,13032.72,13047.64,12966.86,12966.87,1.29513437,16793.83901
1514706600,31-12-2017 07:50,BTC/USD,13032.58,13078.92,13032.58,13068.31,46.19936351,603747.6042
1514706540,31-12-2017 07:49,BTC/USD,13002.91,13032.84,13002.88,13032.84,0.31346965,4085.399793
1514706480,31-12-2017 07:48,BTC/USD,13004.18,13032.82,12976.49,13032.79,0.71262296,9287.465387
1514706420,31-12-2017 07:47,BTC/USD,12987.7,13013.94,12987.7,13013.94,1.18460755,15416.41158
1514706360,31-12-2017 07:46,BTC/USD,12996,13004.86,12956.99,13004.82,4.2885958,55772.41643
1514706300,31-12-2017 07:45,BTC/USD,12996.62,13005.59,12996,12996,8.44428187,109741.8872
1514706240,31-12-2017 07:44,BTC/USD,12953.9,12997.51,12953.9,12996.77,0.69579584,9043.098499
1514706180,31-12-2017 07:43,BTC/USD,13024.99,13024.99,12941.26,13008.92,5.20454974,67705.5712
1514706120,31-12-2017 07:42,BTC/USD,13020,13025,12982.52,13024.99,2.1533135,28046.8868
1514706060,31-12-2017 07:41,BTC/USD,12991.01,13020,12990,13020,41.99738371,546805.9359
1514706000,31-12-2017 07:40,BTC/USD,12975,12991.01,12967.92,12991.01,6.16464468,80084.96068
1514705940,31-12-2017 07:39,BTC/USD,12945.03,12975,12945.03,12975,14.20561714,184317.8824
1514705880,31-12-2017 07:38,BTC/USD,12932.84,12947.03,12925.24,12947.03,16.97805187,219815.3469
1514705820,31-12-2017 07:37,BTC/USD,12894.41,12933.22,12894.2,12928,0.57894565,7484.609363
1514705760,31-12-2017 07:36,BTC/USD,12899.57,12934.68,12879.63,12934.66,1.22918226,15899.05461
1514705700,31-12-2017 07:35,BTC/USD,12879.65,12899.59,12879.62,12879.62,3.2488003,41843.31332
1514705640,31-12-2017 07:34,BTC/USD,12848.26,12900.09,12848.26,12900.01,0.75274853,9710.463564
1514705580,31-12-2017 07:33,BTC/USD,12864.39,12910.15,12842.64,12904.2,1.64976488,21288.89596
1514705520,31-12-2017 07:32,BTC/USD,12876.6,12907.59,12848.75,12864.43,0.48799153,6277.732878
1514705460,31-12-2017 07:31,BTC/USD,12830.23,12875.9,12815.94,12875.9,1.68261923,21665.23694
1514705400,31-12-2017 07:30,BTC/USD,12821.76,12862.09,12821.76,12830.2,0.56002437,7185.224672
1514705340,31-12-2017 07:29,BTC/USD,12821.76,12863.08,12821.75,12821.76,0.68584087,8793.687033
1514705280,31-12-2017 07:28,BTC/USD,12865.62,12865.62,12801.04,12863.71,0.17784268,2287.716661
1514705220,31-12-2017 07:27,BTC/USD,12801.02,12866.26,12801.02,12801.15,0.21745551,2783.680602
1514705160,31-12-2017 07:26,BTC/USD,12840,12840.01,12798.12,12800.9,0.73370388,9392.069997
1514705100,31-12-2017 07:25,BTC/USD,12896.33,12896.33,12826.6,12840,0.16804534,2157.702166
1514705040,31-12-2017 07:24,BTC/USD,12849.97,12897.93,12846.59,12846.59,1.7724954,22770.52168
1514704980,31-12-2017 07:23,BTC/USD,12766.06,12849.8,12763.44,12796.24,2.18311834,27935.70623
1514704920,31-12-2017 07:22,BTC/USD,12754.97,12799.99,12728.51,12799.96,3.28070316,41992.86922
1514704860,31-12-2017 07:21,BTC/USD,12801,12801,12755,12755,31.80901031,405723.9265
